{
	"credit": "Made with Blockbench",
	"texture_size": [32, 32],
	"textures": {
		"0": "custom/wood",
		"1": "custom/steel",
		"2": "custom/hole",
		"particle": "custom/wood"
	},
	"elements": [
		{
			"from": [7.3, 8.9, 20.1],
			"to": [7.4, 9.35, 20.8],
			"rotation": {"angle": 0, "axis": "y", "origin": [13.9, 17, 28.5]},
			"faces": {
				"north": {"uv": [0, 0, 2, 2], "texture": "#0"},
				"east": {"uv": [0, 0, 2, 2], "texture": "#0"},
				"south": {"uv": [0, 0, 2, 2], "texture": "#0"},
				"west": {"uv": [0, 0, 2, 2], "texture": "#0"},
				"up": {"uv": [0, 0, 2, 2], "texture": "#0"},
				"down": {"uv": [0, 0, 2, 2], "texture": "#0"}
			}
		},
		{
			"from": [7.275, 8.9, 20.8],
			"to": [7.4, 9.775, 22.2],
			"rotation": {"angle": 0, "axis": "y", "origin": [13.9, 17, 29.2]},
			"faces": {
				"north": {"uv": [0, 0, 2, 2], "texture": "#0"},
				"east": {"uv": [0, 0, 2, 2], "texture": "#0"},
				"south": {"uv": [0, 0, 2, 2], "texture": "#0"},
				"west": {"uv": [0, 0, 2, 2], "texture": "#0"},
				"up": {"uv": [0, 0, 2, 2], "texture": "#0"},
				"down": {"uv": [0, 0, 2, 2], "texture": "#0"}
			}
		},
		{
			"from": [7.3, 9.075, 21.875],
			"to": [7.4, 9.875, 22.875],
			"rotation": {"angle": 22.5, "axis": "x", "origin": [6.9, 9.175, 21.675]},
			"faces": {
				"north": {"uv": [0, 0, 2, 2], "texture": "#0"},
				"east": {"uv": [0, 0, 2, 2], "texture": "#0"},
				"south": {"uv": [0, 0, 2, 2], "texture": "#0"},
				"west": {"uv": [0, 0, 2, 2], "texture": "#0"},
				"up": {"uv": [0, 0, 2, 2], "texture": "#0"},
				"down": {"uv": [0, 0, 2, 2], "texture": "#0"}
			}
		},
		{
			"from": [7.4, 8.8, 17.6],
			"to": [8, 9.7, 22],
			"rotation": {"angle": 0, "axis": "y", "origin": [14, 17, 29]},
			"faces": {
				"north": {"uv": [0, 0, 2, 2], "texture": "#0"},
				"east": {"uv": [0, 0, 2, 2], "texture": "#0"},
				"south": {"uv": [0, 0, 2, 2], "texture": "#0"},
				"west": {"uv": [0, 0, 2, 2], "texture": "#0"},
				"up": {"uv": [0, 0, 2, 2], "texture": "#0"},
				"down": {"uv": [0, 0, 2, 2], "texture": "#0"}
			}
		},
		{
			"from": [7.4, 8.875, 13],
			"to": [8, 9.65, 17.4],
			"rotation": {"angle": 0, "axis": "y", "origin": [15, 17, 24]},
			"faces": {
				"north": {"uv": [0, 0, 2, 2], "texture": "#0"},
				"east": {"uv": [0, 0, 2, 2], "texture": "#0"},
				"south": {"uv": [0, 0, 2, 2], "texture": "#0"},
				"west": {"uv": [0, 0, 2, 2], "texture": "#0"},
				"up": {"uv": [0, 0, 2, 2], "texture": "#0"},
				"down": {"uv": [0, 0, 2, 2], "texture": "#0"}
			}
		},
		{
			"from": [7.4, 9, 7.6],
			"to": [8, 9.65, 8.8],
			"rotation": {"angle": 0, "axis": "y", "origin": [15, 17, 14.8]},
			"faces": {
				"north": {"uv": [0, 0, 2, 2], "texture": "#0"},
				"east": {"uv": [0, 0, 2, 2], "texture": "#0"},
				"south": {"uv": [0, 0, 2, 2], "texture": "#0"},
				"west": {"uv": [0, 0, 2, 2], "texture": "#0"},
				"up": {"uv": [0, 0, 2, 2], "texture": "#0"},
				"down": {"uv": [0, 0, 2, 2], "texture": "#0"}
			}
		},
		{
			"from": [7.375, 8.7, 20.9],
			"to": [8.025, 9.7, 26.15],
			"rotation": {"angle": 22.5, "axis": "x", "origin": [15, 6.9, 21.85]},
			"faces": {
				"north": {"uv": [0, 0, 2, 2], "texture": "#0"},
				"east": {"uv": [0, 0, 2, 2], "texture": "#0"},
				"south": {"uv": [0, 0, 2, 2], "texture": "#0"},
				"west": {"uv": [0, 0, 2, 2], "texture": "#0"},
				"up": {"uv": [0, 0, 2, 2], "texture": "#0"},
				"down": {"uv": [0, 0, 2, 2], "texture": "#0"}
			}
		},
		{
			"from": [7.55, 8, 24.125],
			"to": [7.9, 9.2, 26.5],
			"rotation": {"angle": 0, "axis": "y", "origin": [15, 6.4, 21.1]},
			"faces": {
				"north": {"uv": [0, 0, 2, 2], "texture": "#0"},
				"east": {"uv": [0, 0, 2, 2], "texture": "#0"},
				"south": {"uv": [0, 0, 2, 2], "texture": "#0"},
				"west": {"uv": [0, 0, 2, 2], "texture": "#0"},
				"up": {"uv": [0, 0, 2, 2], "texture": "#0"},
				"down": {"uv": [0, 0, 2, 2], "texture": "#0"}
			}
		},
		{
			"from": [7.35, 6.925, 26.5],
			"to": [8.05, 9, 27.075],
			"rotation": {"angle": 0, "axis": "y", "origin": [15, 5.9, 23.6]},
			"faces": {
				"north": {"uv": [0, 0, 2, 2], "texture": "#0"},
				"east": {"uv": [0, 0, 2, 2], "texture": "#0"},
				"south": {"uv": [0, 0, 2, 2], "texture": "#0"},
				"west": {"uv": [0, 0, 2, 2], "texture": "#0"},
				"up": {"uv": [0, 0, 2, 2], "texture": "#0"},
				"down": {"uv": [0, 0, 2, 2], "texture": "#0"}
			}
		},
		{
			"from": [7.4, 8.9, 9],
			"to": [8, 9.65, 12.85],
			"rotation": {"angle": 0, "axis": "y", "origin": [15, 16.9, 19.85]},
			"faces": {
				"north": {"uv": [0, 0, 2, 2], "texture": "#0"},
				"east": {"uv": [0, 0, 2, 2], "texture": "#0"},
				"south": {"uv": [0, 0, 2, 2], "texture": "#0"},
				"west": {"uv": [0, 0, 2, 2], "texture": "#0"},
				"up": {"uv": [0, 0, 2, 2], "texture": "#0"},
				"down": {"uv": [0, 0, 2, 2], "texture": "#0"}
			}
		},
		{
			"from": [7.5, 8.775, 20.6],
			"to": [7.9, 8.925, 22],
			"rotation": {"angle": 0, "axis": "y", "origin": [15.4, 16.025, 29]},
			"faces": {
				"north": {"uv": [0, 0, 2, 2], "texture": "#1"},
				"east": {"uv": [0, 0, 2, 2], "texture": "#1"},
				"south": {"uv": [0, 0, 2, 2], "texture": "#1"},
				"west": {"uv": [0, 0, 2, 2], "texture": "#1"},
				"up": {"uv": [0, 0, 2, 2], "texture": "#1"},
				"down": {"uv": [0, 0, 2, 2], "texture": "#1"}
			}
		},
		{
			"from": [7.6, 8.175, 21.6],
			"to": [7.8, 8.775, 22.4],
			"rotation": {"angle": 0, "axis": "y", "origin": [15.4, 15.875, 29]},
			"faces": {
				"north": {"uv": [0, 0, 2, 2], "texture": "#1"},
				"east": {"uv": [0, 0, 2, 2], "texture": "#1"},
				"south": {"uv": [0, 0, 2, 2], "texture": "#1"},
				"west": {"uv": [0, 0, 2, 2], "texture": "#1"},
				"up": {"uv": [0, 0, 2, 2], "texture": "#1"},
				"down": {"uv": [0, 0, 2, 2], "texture": "#1"}
			}
		},
		{
			"from": [7.5, 9.55, 21.35],
			"to": [7.9, 9.7, 22.75],
			"rotation": {"angle": 22.5, "axis": "x", "origin": [7.4, 7.8, 19.75]},
			"faces": {
				"north": {"uv": [0, 0, 2, 2], "texture": "#1"},
				"east": {"uv": [0, 0, 2, 2], "texture": "#1"},
				"south": {"uv": [0, 0, 2, 2], "texture": "#1"},
				"west": {"uv": [0, 0, 2, 2], "texture": "#1"},
				"up": {"uv": [0, 0, 2, 2], "texture": "#1"},
				"down": {"uv": [0, 0, 2, 2], "texture": "#1"}
			}
		},
		{
			"from": [8, 9.075, 21.95],
			"to": [8.1, 9.875, 22.875],
			"rotation": {"angle": 22.5, "axis": "x", "origin": [7.6, 9.175, 21.675]},
			"faces": {
				"north": {"uv": [0, 0, 2, 2], "texture": "#1"},
				"east": {"uv": [0, 0, 2, 2], "texture": "#1"},
				"south": {"uv": [0, 0, 2, 2], "texture": "#1"},
				"west": {"uv": [0, 0, 2, 2], "texture": "#1"},
				"up": {"uv": [0, 0, 2, 2], "texture": "#1"},
				"down": {"uv": [0, 0, 2, 2], "texture": "#1"}
			}
		},
		{
			"from": [7.8, 8.9, 20.8],
			"to": [8.125, 9.725, 22.2],
			"rotation": {"angle": 0, "axis": "y", "origin": [14.6, 17, 29.2]},
			"faces": {
				"north": {"uv": [0, 0, 2, 2], "texture": "#1"},
				"east": {"uv": [0, 0, 2, 2], "texture": "#1"},
				"south": {"uv": [0, 0, 2, 2], "texture": "#1"},
				"west": {"uv": [0, 0, 2, 2], "texture": "#1"},
				"up": {"uv": [0, 0, 2, 2], "texture": "#1"},
				"down": {"uv": [0, 0, 2, 2], "texture": "#1"}
			}
		},
		{
			"from": [8, 8.9, 20.1],
			"to": [8.1, 9.35, 20.8],
			"rotation": {"angle": 0, "axis": "y", "origin": [14.6, 17, 28.5]},
			"faces": {
				"north": {"uv": [0, 0, 2, 2], "texture": "#1"},
				"east": {"uv": [0, 0, 2, 2], "texture": "#1"},
				"south": {"uv": [0, 0, 2, 2], "texture": "#1"},
				"west": {"uv": [0, 0, 2, 2], "texture": "#1"},
				"up": {"uv": [0, 0, 2, 2], "texture": "#1"},
				"down": {"uv": [0, 0, 2, 2], "texture": "#1"}
			}
		},
		{
			"from": [7.4, 9, 7.25],
			"to": [8, 9.65, 7.6],
			"rotation": {"angle": 0, "axis": "y", "origin": [15, 17, 14.4]},
			"faces": {
				"north": {"uv": [0, 0, 2, 2], "texture": "#1"},
				"east": {"uv": [0, 0, 2, 2], "texture": "#1"},
				"south": {"uv": [0, 0, 2, 2], "texture": "#1"},
				"west": {"uv": [0, 0, 2, 2], "texture": "#1"},
				"up": {"uv": [0, 0, 2, 2], "texture": "#1"},
				"down": {"uv": [0, 0, 2, 2], "texture": "#1"}
			}
		},
		{
			"from": [7.7, 9.075, 5.55],
			"to": [8.075, 9.45, 21.1],
			"rotation": {"angle": -45, "axis": "z", "origin": [8.25, 9.675, 17]},
			"faces": {
				"north": {"uv": [0, 0, 2, 2], "texture": "#1"},
				"east": {"uv": [0, 0, 2, 2], "texture": "#1"},
				"south": {"uv": [0, 0, 2, 2], "texture": "#1"},
				"west": {"uv": [0, 0, 2, 2], "texture": "#1"},
				"up": {"uv": [0, 0, 2, 2], "texture": "#1"},
				"down": {"uv": [0, 0, 2, 2], "texture": "#1"}
			}
		},
		{
			"from": [7.525, 9.10466, 22.19976],
			"to": [7.875, 9.45466, 23.09976],
			"rotation": {"angle": 22.5, "axis": "x", "origin": [8.075, 10.2, 23.15]},
			"faces": {
				"north": {"uv": [0, 0, 2, 2], "texture": "#1"},
				"east": {"uv": [0, 0, 2, 2], "texture": "#1"},
				"south": {"uv": [0, 0, 2, 2], "texture": "#1"},
				"west": {"uv": [0, 0, 2, 2], "texture": "#1"},
				"up": {"uv": [0, 0, 2, 2], "texture": "#1"},
				"down": {"uv": [0, 0, 2, 2], "texture": "#1"}
			}
		},
		{
			"from": [7.5, 9.50466, 20.79976],
			"to": [7.9, 9.87966, 21.99976],
			"rotation": {"angle": 0, "axis": "y", "origin": [8.075, 10.625, 21.45]},
			"faces": {
				"north": {"uv": [0, 0, 2, 2], "texture": "#1"},
				"east": {"uv": [0, 0, 2, 2], "texture": "#1"},
				"south": {"uv": [0, 0, 2, 2], "texture": "#1"},
				"west": {"uv": [0, 0, 2, 2], "texture": "#1"},
				"up": {"uv": [0, 0, 2, 2], "texture": "#1"},
				"down": {"uv": [0, 0, 2, 2], "texture": "#1"}
			}
		},
		{
			"from": [7.175, 9.475, 21.675],
			"to": [7.325, 9.65, 21.85],
			"rotation": {"angle": 0, "axis": "y", "origin": [7.2, 9.475, 21.75]},
			"faces": {
				"north": {"uv": [0, 0, 2, 2], "texture": "#1"},
				"east": {"uv": [0, 0, 2, 2], "texture": "#1"},
				"south": {"uv": [0, 0, 2, 2], "texture": "#1"},
				"west": {"uv": [0, 0, 2, 2], "texture": "#1"},
				"up": {"uv": [0, 0, 2, 2], "texture": "#1"},
				"down": {"uv": [0, 0, 2, 2], "texture": "#1"}
			}
		},
		{
			"from": [7.175, 9.05, 20.225],
			"to": [7.325, 9.225, 20.4],
			"rotation": {"angle": 0, "axis": "y", "origin": [7.2, 9.15, 20.95]},
			"faces": {
				"north": {"uv": [0, 0, 2, 2], "texture": "#1"},
				"east": {"uv": [0, 0, 2, 2], "texture": "#1"},
				"south": {"uv": [0, 0, 2, 2], "texture": "#1"},
				"west": {"uv": [0, 0, 2, 2], "texture": "#1"},
				"up": {"uv": [0, 0, 2, 2], "texture": "#1"},
				"down": {"uv": [0, 0, 2, 2], "texture": "#1"}
			}
		},
		{
			"from": [7.45, 8.8, 6.15],
			"to": [7.6, 8.95, 8.8],
			"rotation": {"angle": -45, "axis": "z", "origin": [7.75, 8.7, 7.8]},
			"faces": {
				"north": {"uv": [0, 0, 2, 2], "texture": "#1"},
				"east": {"uv": [0, 0, 2, 2], "texture": "#1"},
				"south": {"uv": [0, 0, 2, 2], "texture": "#1"},
				"west": {"uv": [0, 0, 2, 2], "texture": "#1"},
				"up": {"uv": [0, 0, 2, 2], "texture": "#1"},
				"down": {"uv": [0, 0, 2, 2], "texture": "#1"}
			}
		},
		{
			"from": [7.4, 8.75, 5.55],
			"to": [7.65, 9, 6.15],
			"rotation": {"angle": -45, "axis": "z", "origin": [7.75, 8.7, 6.4]},
			"faces": {
				"north": {"uv": [0, 0, 2, 2], "texture": "#1"},
				"east": {"uv": [0, 0, 2, 2], "texture": "#1"},
				"south": {"uv": [0, 0, 2, 2], "texture": "#1"},
				"west": {"uv": [0, 0, 2, 2], "texture": "#1"},
				"up": {"uv": [0, 0, 2, 2], "texture": "#1"},
				"down": {"uv": [0, 0, 2, 2], "texture": "#1"}
			}
		},
		{
			"from": [7.525, 9.6, 19.375],
			"to": [7.875, 9.975, 19.85],
			"rotation": {"angle": 0, "axis": "y", "origin": [14.9, 17, 27.85]},
			"faces": {
				"north": {"uv": [0, 0, 2, 2], "texture": "#1"},
				"east": {"uv": [0, 0, 2, 2], "texture": "#1"},
				"south": {"uv": [0, 0, 2, 2], "texture": "#1"},
				"west": {"uv": [0, 0, 2, 2], "texture": "#1"},
				"up": {"uv": [0, 0, 2, 2], "texture": "#1"},
				"down": {"uv": [0, 0, 2, 2], "texture": "#1"}
			}
		},
		{
			"from": [7.65, 9.7, 6.225],
			"to": [7.75, 10.025, 6.575],
			"rotation": {"angle": 0, "axis": "y", "origin": [15.025, 17, 14.825]},
			"faces": {
				"north": {"uv": [0, 0, 2, 2], "texture": "#1"},
				"east": {"uv": [0, 0, 2, 2], "texture": "#1"},
				"south": {"uv": [0, 0, 2, 2], "texture": "#1"},
				"west": {"uv": [0, 0, 2, 2], "texture": "#1"},
				"up": {"uv": [0, 0, 2, 2], "texture": "#1"},
				"down": {"uv": [0, 0, 2, 2], "texture": "#1"}
			}
		},
		{
			"name": "ringers",
			"from": [7.375, 8.85, 8.8],
			"to": [8.025, 9.7, 9],
			"rotation": {"angle": 0, "axis": "y", "origin": [16, 17, 16]},
			"faces": {
				"north": {"uv": [0, 0, 2, 2], "texture": "#1"},
				"east": {"uv": [0, 0, 2, 2], "texture": "#1"},
				"south": {"uv": [0, 0, 2, 2], "texture": "#1"},
				"west": {"uv": [0, 0, 2, 2], "texture": "#1"},
				"up": {"uv": [0, 0, 2, 2], "texture": "#1"},
				"down": {"uv": [0, 0, 2, 2], "texture": "#1"}
			}
		},
		{
			"name": "ringers",
			"from": [7.375, 8.85, 12.8],
			"to": [8.025, 9.725, 13],
			"rotation": {"angle": 0, "axis": "y", "origin": [16, 17, 20]},
			"faces": {
				"north": {"uv": [0, 0, 2, 2], "texture": "#1"},
				"east": {"uv": [0, 0, 2, 2], "texture": "#1"},
				"south": {"uv": [0, 0, 2, 2], "texture": "#1"},
				"west": {"uv": [0, 0, 2, 2], "texture": "#1"},
				"up": {"uv": [0, 0, 2, 2], "texture": "#1"},
				"down": {"uv": [0, 0, 2, 2], "texture": "#1"}
			}
		},
		{
			"name": "ringers",
			"from": [7.65, 9.925, 12.8],
			"to": [8.05, 10.3, 13],
			"rotation": {"angle": -45, "axis": "z", "origin": [7.275, 10.075, 13]},
			"faces": {
				"north": {"uv": [0, 0, 2, 2], "texture": "#1"},
				"east": {"uv": [0, 0, 2, 2], "texture": "#1"},
				"south": {"uv": [0, 0, 2, 2], "texture": "#1"},
				"west": {"uv": [0, 0, 2, 2], "texture": "#1"},
				"up": {"uv": [0, 0, 2, 2], "texture": "#1"},
				"down": {"uv": [0, 0, 2, 2], "texture": "#1"}
			}
		},
		{
			"name": "ringers",
			"from": [7.65, 9.925, 8.8],
			"to": [8.05, 10.3, 9],
			"rotation": {"angle": -45, "axis": "z", "origin": [7.275, 10.075, 9]},
			"faces": {
				"north": {"uv": [0, 0, 2, 2], "texture": "#1"},
				"east": {"uv": [0, 0, 2, 2], "texture": "#1"},
				"south": {"uv": [0, 0, 2, 2], "texture": "#1"},
				"west": {"uv": [0, 0, 2, 2], "texture": "#1"},
				"up": {"uv": [0, 0, 2, 2], "texture": "#1"},
				"down": {"uv": [0, 0, 2, 2], "texture": "#1"}
			}
		},
		{
			"name": "ringers",
			"from": [7.65, 9.925, 17.4],
			"to": [8.05, 10.3, 17.6],
			"rotation": {"angle": -45, "axis": "z", "origin": [7.275, 10.075, 17.6]},
			"faces": {
				"north": {"uv": [0, 0, 2, 2], "texture": "#1"},
				"east": {"uv": [0, 0, 2, 2], "texture": "#1"},
				"south": {"uv": [0, 0, 2, 2], "texture": "#1"},
				"west": {"uv": [0, 0, 2, 2], "texture": "#1"},
				"up": {"uv": [0, 0, 2, 2], "texture": "#1"},
				"down": {"uv": [0, 0, 2, 2], "texture": "#1"}
			}
		},
		{
			"name": "ringers",
			"from": [7.375, 8.75, 17.4],
			"to": [8.025, 9.725, 17.6],
			"rotation": {"angle": 0, "axis": "y", "origin": [16, 17, 24.6]},
			"faces": {
				"north": {"uv": [0, 0, 2, 2], "texture": "#1"},
				"east": {"uv": [0, 0, 2, 2], "texture": "#1"},
				"south": {"uv": [0, 0, 2, 2], "texture": "#1"},
				"west": {"uv": [0, 0, 2, 2], "texture": "#1"},
				"up": {"uv": [0, 0, 2, 2], "texture": "#1"},
				"down": {"uv": [0, 0, 2, 2], "texture": "#1"}
			}
		},
		{
			"name": "ringers",
			"from": [7.375, 9.175, 16.45],
			"to": [8.025, 9.4, 17.4],
			"rotation": {"angle": 0, "axis": "y", "origin": [16, 17, 24.6]},
			"faces": {
				"north": {"uv": [0, 0, 2, 2], "texture": "#1"},
				"east": {"uv": [0, 0, 2, 2], "texture": "#1"},
				"south": {"uv": [0, 0, 2, 2], "texture": "#1"},
				"west": {"uv": [0, 0, 2, 2], "texture": "#1"},
				"up": {"uv": [0, 0, 2, 2], "texture": "#1"},
				"down": {"uv": [0, 0, 2, 2], "texture": "#1"}
			}
		},
		{
			"name": "ringers",
			"from": [7.375, 9.175, 11.85],
			"to": [8.025, 9.4, 12.8],
			"rotation": {"angle": 0, "axis": "y", "origin": [16, 17, 24.6]},
			"faces": {
				"north": {"uv": [0, 0, 2, 2], "texture": "#1"},
				"east": {"uv": [0, 0, 2, 2], "texture": "#1"},
				"south": {"uv": [0, 0, 2, 2], "texture": "#1"},
				"west": {"uv": [0, 0, 2, 2], "texture": "#1"},
				"up": {"uv": [0, 0, 2, 2], "texture": "#1"},
				"down": {"uv": [0, 0, 2, 2], "texture": "#1"}
			}
		},
		{
			"name": "ringers",
			"from": [7.375, 9.175, 7.85],
			"to": [8.025, 9.4, 8.8],
			"rotation": {"angle": 0, "axis": "y", "origin": [16, 17, 24.6]},
			"faces": {
				"north": {"uv": [0, 0, 2, 2], "texture": "#1"},
				"east": {"uv": [0, 0, 2, 2], "texture": "#1"},
				"south": {"uv": [0, 0, 2, 2], "texture": "#1"},
				"west": {"uv": [0, 0, 2, 2], "texture": "#1"},
				"up": {"uv": [0, 0, 2, 2], "texture": "#1"},
				"down": {"uv": [0, 0, 2, 2], "texture": "#1"}
			}
		},
		{
			"from": [8.425, 9.425, 20.675],
			"to": [8.425, 9.875, 21.075],
			"rotation": {"angle": -22.5, "axis": "y", "origin": [7.95, 8.675, 20.425]},
			"faces": {
				"north": {"uv": [0, 0, 2, 2], "texture": "#1"},
				"east": {"uv": [0, 0, 2, 2], "texture": "#1"},
				"south": {"uv": [0, 0, 2, 2], "texture": "#1"},
				"west": {"uv": [0, 0, 2, 2], "texture": "#1"},
				"up": {"uv": [0, 0, 2, 2], "texture": "#1"},
				"down": {"uv": [0, 0, 2, 2], "texture": "#1"}
			}
		},
		{
			"from": [8.125, 9.05, 21.525],
			"to": [8.125, 10.25, 22.075],
			"rotation": {"angle": 22.5, "axis": "y", "origin": [7.975, 8.9, 21.475]},
			"faces": {
				"north": {"uv": [0, 0, 2, 2], "texture": "#1"},
				"east": {"uv": [0, 0, 2, 2], "texture": "#1"},
				"south": {"uv": [0, 0, 2, 2], "texture": "#1"},
				"west": {"uv": [0, 0, 2, 2], "texture": "#1"},
				"up": {"uv": [0, 0, 2, 2], "texture": "#1"},
				"down": {"uv": [0, 0, 2, 2], "texture": "#1"}
			}
		},
		{
			"name": "hole",
			"from": [6.95, 9.225, 5.525],
			"to": [7.15, 9.425, 5.575],
			"rotation": {"angle": -45, "axis": "z", "origin": [7.75, 8.7, 6.4]},
			"faces": {
				"north": {"uv": [0, 0, 2, 2], "texture": "#2"},
				"east": {"uv": [0, 0, 2, 2], "texture": "#2"},
				"south": {"uv": [0, 0, 2, 2], "texture": "#2"},
				"west": {"uv": [0, 0, 2, 2], "texture": "#2"},
				"up": {"uv": [0, 0, 2, 2], "texture": "#2"},
				"down": {"uv": [0, 0, 2, 2], "texture": "#2"}
			}
		}
	],
	"display": {
		"thirdperson_righthand": {
			"translation": [0.75, -1.75, -28.25],
			"scale": [2, 2, 2]
		},
		"thirdperson_lefthand": {
			"rotation": [160, 0, 0],
			"translation": [-0.5, 13.5, 35.25],
			"scale": [2, 2, 2]
		},
		"firstperson_righthand": {
			"rotation": [21.82, 6.73, 11.1],
			"translation": [-1.25, 5.5, -7.75]
		},
		"firstperson_lefthand": {
			"rotation": [100, 0, 0],
			"translation": [-5.75, 20, 9]
		},
		"ground": {
			"translation": [0.25, -1.25, -15.75],
			"scale": [2, 2, 2]
		},
		"gui": {
			"rotation": [90, -50, 90],
			"translation": [6.5, 4.5, 8],
			"scale": [0.9, 0.9, 0.9]
		},
		"head": {
			"translation": [0, 0, -26.75]
		},
		"fixed": {
			"rotation": [90, 50, -100],
			"translation": [-7, 4.5, -0.25]
		}
	},
	"groups": [
		{
			"name": "musket",
			"origin": [-1.95, 5.875, -0.25],
			"color": 0,
			"children": [
				{
					"name": "wood",
					"origin": [7, 15.5, 17.5],
					"color": 0,
					"children": [
						0,
						1,
						2,
						3,
						4,
						5,
						{
							"name": "buttocks",
							"origin": [7, 15.5, 17.2],
							"color": 0,
							"children": [6, 7, 8]
						},
						9
					]
				},
				{
					"name": "Iron",
					"origin": [7, 17, -0.275],
					"color": 0,
					"children": [
						10,
						11,
						12,
						13,
						14,
						15,
						16,
						17,
						18,
						19,
						20,
						21,
						22,
						23,
						{
							"name": "ironsight",
							"origin": [7, 17, -0.275],
							"color": 0,
							"children": [24, 25]
						},
						26,
						27,
						28,
						29,
						30,
						31,
						32,
						33,
						34,
						{
							"name": "trigger",
							"origin": [7.05, 15.875, 12.75],
							"color": 0,
							"children": []
						},
						{
							"name": "matchlock",
							"origin": [8, 16.9, 12],
							"color": 0,
							"children": [35, 36]
						}
					]
				}
			]
		},
		37
	]
}