{
	"credit": "Made with Blockbench",
	"texture_size": [32, 32],
	"textures": {
		"0": "weapon/13-1",
		"3": "weapon/13",
		"particle": "weapon/13-1"
	},
	"elements": [
		{
			"from": [0, 0.875, 0.0625],
			"to": [15.9375, 0.885, 15.9375],
			"shade": false,
			"rotation": {"angle": 0, "axis": "y", "origin": [16, 8.875, 17]},
			"faces": {
				"north": {"uv": [1.33333, 1.6, 14.4, 14.53333], "texture": "#0"},
				"east": {"uv": [1.33333, 1.6, 14.4, 14.53333], "texture": "#0"},
				"south": {"uv": [1.33333, 1.6, 14.4, 14.53333], "texture": "#0"},
				"west": {"uv": [1.33333, 1.6, 14.4, 14.53333], "texture": "#0"},
				"up": {"uv": [1.33333, 1.6, 14.4, 14.53333], "texture": "#0"},
				"down": {"uv": [1.33333, 14.53333, 14.4, 1.6], "texture": "#0"}
			}
		},
		{
			"from": [7.75, -11.1875, 7.75],
			"to": [8.25, 0.8125, 8.25],
			"shade": false,
			"rotation": {"angle": 0, "axis": "y", "origin": [16.5, 6.8125, 17.5]},
			"faces": {
				"north": {"uv": [0, 0, 0.5, 6], "texture": "#3"},
				"east": {"uv": [0.5, 0.5, 1, 6.5], "texture": "#3"},
				"south": {"uv": [1, 1, 1.5, 7], "texture": "#3"},
				"west": {"uv": [1.5, 1.5, 2, 7.5], "texture": "#3"},
				"up": {"uv": [9.5, 4, 9, 3.5], "texture": "#3"},
				"down": {"uv": [9.5, 4, 9, 4.5], "texture": "#3"}
			}
		},
		{
			"from": [7.57769, -12.05377, 7.75],
			"to": [8.07769, -11.05377, 8.25],
			"shade": false,
			"rotation": {"angle": -22.5, "axis": "z", "origin": [7.82769, -11.55377, 8]},
			"faces": {
				"north": {"uv": [6.5, 9, 7, 9.5], "texture": "#3"},
				"east": {"uv": [7, 9, 7.5, 9.5], "texture": "#3"},
				"south": {"uv": [7.5, 9, 8, 9.5], "texture": "#3"},
				"west": {"uv": [8, 9, 8.5, 9.5], "texture": "#3"},
				"up": {"uv": [9, 9.5, 8.5, 9], "texture": "#3"},
				"down": {"uv": [9.5, 9, 9, 9.5], "texture": "#3"}
			}
		},
		{
			"from": [6.80971, -12.32175, 7.75],
			"to": [7.80971, -11.82175, 8.25],
			"shade": false,
			"rotation": {"angle": 22.5, "axis": "z", "origin": [7.30971, -12.07175, 8]},
			"faces": {
				"north": {"uv": [3.5, 9, 4, 9.5], "texture": "#3"},
				"east": {"uv": [4, 9, 4.5, 9.5], "texture": "#3"},
				"south": {"uv": [4.5, 9, 5, 9.5], "texture": "#3"},
				"west": {"uv": [5, 9, 5.5, 9.5], "texture": "#3"},
				"up": {"uv": [6, 9.5, 5.5, 9], "texture": "#3"},
				"down": {"uv": [6.5, 9, 6, 9.5], "texture": "#3"}
			}
		},
		{
			"from": [6.07717, -12.32175, 7.75],
			"to": [7.07717, -11.82175, 8.25],
			"shade": false,
			"rotation": {"angle": -22.5, "axis": "z", "origin": [6.57717, -12.07175, 8]},
			"faces": {
				"north": {"uv": [4.5, 7.5, 5, 8], "texture": "#3"},
				"east": {"uv": [8.5, 8, 9, 8.5], "texture": "#3"},
				"south": {"uv": [1.5, 9, 2, 9.5], "texture": "#3"},
				"west": {"uv": [2, 9, 2.5, 9.5], "texture": "#3"},
				"up": {"uv": [3, 9.5, 2.5, 9], "texture": "#3"},
				"down": {"uv": [3.5, 9, 3, 9.5], "texture": "#3"}
			}
		},
		{
			"from": [5.80919, -12.05377, 7.75],
			"to": [6.30919, -11.05377, 8.25],
			"shade": false,
			"rotation": {"angle": 22.5, "axis": "z", "origin": [6.05919, -11.55377, 8]},
			"faces": {
				"north": {"uv": [0.5, 0, 1, 0.5], "texture": "#3"},
				"east": {"uv": [1.5, 1, 2, 1.5], "texture": "#3"},
				"south": {"uv": [0, 6, 0.5, 6.5], "texture": "#3"},
				"west": {"uv": [0, 6.5, 0.5, 7], "texture": "#3"},
				"up": {"uv": [1, 7, 0.5, 6.5], "texture": "#3"},
				"down": {"uv": [4.5, 7.5, 4, 8], "texture": "#3"}
			}
		},
		{
			"from": [0.57003, -0.9875, 9.4359],
			"to": [0.58003, 0.8625, 12.6359],
			"shade": false,
			"rotation": {"angle": 22.5, "axis": "y", "origin": [0.57003, 0.8125, 11.0359]},
			"faces": {
				"north": {"uv": [0, 0, 0, 1], "texture": "#3"},
				"east": {"uv": [2, 2, 3.5, 3], "texture": "#3"},
				"south": {"uv": [0, 0, 0, 1], "texture": "#3"},
				"west": {"uv": [2, 2, 3.5, 3], "texture": "#3"},
				"up": {"uv": [0, 1.5, 0, 0], "texture": "#3"},
				"down": {"uv": [0, 0, 0, 1.5], "texture": "#3"}
			}
		},
		{
			"from": [0.71221, -0.9875, 13.64609],
			"to": [3.91221, 0.8625, 13.65609],
			"shade": false,
			"rotation": {"angle": -45, "axis": "y", "origin": [2.31221, 0.8125, 13.64609]},
			"faces": {
				"north": {"uv": [2.5, 0, 4, 1], "texture": "#3"},
				"east": {"uv": [0, 0, 0, 1], "texture": "#3"},
				"south": {"uv": [2.5, 0, 4, 1], "texture": "#3"},
				"west": {"uv": [0, 0, 0, 1], "texture": "#3"},
				"up": {"uv": [1.5, 0, 0, 0], "texture": "#3"},
				"down": {"uv": [1.5, 0, 0, 0], "texture": "#3"}
			}
		},
		{
			"from": [3.32179, -0.9875, 15.38976],
			"to": [6.52179, 0.8625, 15.39976],
			"shade": false,
			"rotation": {"angle": -22.5, "axis": "y", "origin": [4.92179, 0.8125, 15.38976]},
			"faces": {
				"north": {"uv": [3.5, 3.5, 5, 4.5], "texture": "#3"},
				"east": {"uv": [0, 0, 0, 1], "texture": "#3"},
				"south": {"uv": [3.5, 3.5, 5, 4.5], "texture": "#3"},
				"west": {"uv": [0, 0, 0, 1], "texture": "#3"},
				"up": {"uv": [1.5, 0, 0, 0], "texture": "#3"},
				"down": {"uv": [1.5, 0, 0, 0], "texture": "#3"}
			}
		},
		{
			"from": [6.4, -0.9875, 16.00205],
			"to": [9.6, 0.8625, 16.01205],
			"shade": false,
			"rotation": {"angle": 0, "axis": "y", "origin": [19.2, 12.8125, 3.20205]},
			"faces": {
				"north": {"uv": [3.5, 2, 5, 3], "texture": "#3"},
				"east": {"uv": [0, 0, 0, 1], "texture": "#3"},
				"south": {"uv": [3.5, 2, 5, 3], "texture": "#3"},
				"west": {"uv": [0, 0, 0, 1], "texture": "#3"},
				"up": {"uv": [1.5, 0, 0, 0], "texture": "#3"},
				"down": {"uv": [1.5, 0, 0, 0], "texture": "#3"}
			}
		},
		{
			"from": [9.47821, -0.9875, 15.38976],
			"to": [12.67821, 0.8625, 15.39976],
			"shade": false,
			"rotation": {"angle": 22.5, "axis": "y", "origin": [11.07821, 0.8125, 15.38976]},
			"faces": {
				"north": {"uv": [4, 0, 5.5, 1], "texture": "#3"},
				"east": {"uv": [0, 0, 0, 1], "texture": "#3"},
				"south": {"uv": [4, 0, 5.5, 1], "texture": "#3"},
				"west": {"uv": [0, 0, 0, 1], "texture": "#3"},
				"up": {"uv": [1.5, 0, 0, 0], "texture": "#3"},
				"down": {"uv": [1.5, 0, 0, 0], "texture": "#3"}
			}
		},
		{
			"from": [12.08779, -0.9875, 13.64609],
			"to": [15.28779, 0.8625, 13.65609],
			"shade": false,
			"rotation": {"angle": 45, "axis": "y", "origin": [13.68779, 0.8125, 13.64609]},
			"faces": {
				"north": {"uv": [2, 5, 3.5, 6], "texture": "#3"},
				"east": {"uv": [0, 0, 0, 1], "texture": "#3"},
				"south": {"uv": [2, 5, 3.5, 6], "texture": "#3"},
				"west": {"uv": [0, 0, 0, 1], "texture": "#3"},
				"up": {"uv": [1.5, 0, 0, 0], "texture": "#3"},
				"down": {"uv": [1.5, 0, 0, 0], "texture": "#3"}
			}
		},
		{
			"from": [15.42997, -0.9875, 9.4359],
			"to": [15.43997, 0.8625, 12.6359],
			"shade": false,
			"rotation": {"angle": -22.5, "axis": "y", "origin": [15.42997, 0.8125, 11.0359]},
			"faces": {
				"north": {"uv": [0, 0, 0, 1], "texture": "#3"},
				"east": {"uv": [5, 5, 6.5, 6], "texture": "#3"},
				"south": {"uv": [0, 0, 0, 1], "texture": "#3"},
				"west": {"uv": [5, 5, 6.5, 6], "texture": "#3"},
				"up": {"uv": [0, 1.5, 0, 0], "texture": "#3"},
				"down": {"uv": [0, 0, 0, 1.5], "texture": "#3"}
			}
		},
		{
			"from": [16.04214, -0.9875, 6.38828],
			"to": [16.05214, 0.8625, 9.55831],
			"shade": false,
			"rotation": {"angle": 0, "axis": "y", "origin": [16.04214, 0.8125, 7.95831]},
			"faces": {
				"north": {"uv": [0, 0, 0, 1], "texture": "#3"},
				"east": {"uv": [5, 2, 6.5, 3], "texture": "#3"},
				"south": {"uv": [0, 0, 0, 1], "texture": "#3"},
				"west": {"uv": [5, 2, 6.5, 3], "texture": "#3"},
				"up": {"uv": [0, 1.5, 0, 0], "texture": "#3"},
				"down": {"uv": [0, 0, 0, 1.5], "texture": "#3"}
			}
		},
		{
			"from": [15.42997, -0.9875, 3.3682],
			"to": [15.43997, 0.8625, 6.5057],
			"shade": false,
			"rotation": {"angle": 22.5, "axis": "y", "origin": [15.42997, 0.8125, 4.9682]},
			"faces": {
				"north": {"uv": [0, 0, 0, 1], "texture": "#3"},
				"east": {"uv": [5, 4, 6.5, 5], "texture": "#3"},
				"south": {"uv": [0, 0, 0, 1], "texture": "#3"},
				"west": {"uv": [5, 4, 6.5, 5], "texture": "#3"},
				"up": {"uv": [0, 1.5, 0, 0], "texture": "#3"},
				"down": {"uv": [0, 0, 0, 1.5], "texture": "#3"}
			}
		},
		{
			"from": [12.08779, -0.9875, 2.35801],
			"to": [15.28779, 0.8625, 2.36801],
			"shade": false,
			"rotation": {"angle": -45, "axis": "y", "origin": [13.68779, 0.8125, 2.35801]},
			"faces": {
				"north": {"uv": [5.5, 0, 7, 1], "texture": "#3"},
				"east": {"uv": [0, 0, 0, 1], "texture": "#3"},
				"south": {"uv": [5.5, 0, 7, 1], "texture": "#3"},
				"west": {"uv": [0, 0, 0, 1], "texture": "#3"},
				"up": {"uv": [1.5, 0, 0, 0], "texture": "#3"},
				"down": {"uv": [1.5, 0, 0, 0], "texture": "#3"}
			}
		},
		{
			"from": [9.47821, -0.9875, 0.61434],
			"to": [12.67821, 0.8625, 0.62434],
			"shade": false,
			"rotation": {"angle": -22.5, "axis": "y", "origin": [11.07821, 0.8125, 0.61434]},
			"faces": {
				"north": {"uv": [5, 6, 6.5, 7], "texture": "#3"},
				"east": {"uv": [0, 0, 0, 1], "texture": "#3"},
				"south": {"uv": [5, 6, 6.5, 7], "texture": "#3"},
				"west": {"uv": [0, 0, 0, 1], "texture": "#3"},
				"up": {"uv": [1.5, 0, 0, 0], "texture": "#3"},
				"down": {"uv": [1.5, 0, 0, 0], "texture": "#3"}
			}
		},
		{
			"from": [6.4, -0.9875, 0.00205],
			"to": [9.6, 0.8625, 0.01205],
			"shade": false,
			"rotation": {"angle": 0, "axis": "y", "origin": [-3.2, 12.8125, 12.80205]},
			"faces": {
				"north": {"uv": [6.5, 6.5, 8, 7.5], "texture": "#3"},
				"east": {"uv": [0, 0, 0, 1], "texture": "#3"},
				"south": {"uv": [6.5, 6.5, 8, 7.5], "texture": "#3"},
				"west": {"uv": [0, 0, 0, 1], "texture": "#3"},
				"up": {"uv": [1.5, 0, 0, 0], "texture": "#3"},
				"down": {"uv": [1.5, 0, 0, 0], "texture": "#3"}
			}
		},
		{
			"from": [3.32179, -0.9875, 0.61434],
			"to": [6.52179, 0.8625, 0.62434],
			"shade": false,
			"rotation": {"angle": 22.5, "axis": "y", "origin": [4.92179, 0.8125, 0.61434]},
			"faces": {
				"north": {"uv": [6.5, 2, 8, 3], "texture": "#3"},
				"east": {"uv": [0, 0, 0, 1], "texture": "#3"},
				"south": {"uv": [6.5, 2, 8, 3], "texture": "#3"},
				"west": {"uv": [0, 0, 0, 1], "texture": "#3"},
				"up": {"uv": [1.5, 0, 0, 0], "texture": "#3"},
				"down": {"uv": [1.5, 0, 0, 0], "texture": "#3"}
			}
		},
		{
			"from": [0.71221, -0.9875, 2.35801],
			"to": [3.91221, 0.8625, 2.36801],
			"shade": false,
			"rotation": {"angle": 45, "axis": "y", "origin": [2.31221, 0.8125, 2.35801]},
			"faces": {
				"north": {"uv": [6.5, 4, 8, 5], "texture": "#3"},
				"east": {"uv": [0, 0, 0, 1], "texture": "#3"},
				"south": {"uv": [6.5, 4, 8, 5], "texture": "#3"},
				"west": {"uv": [0, 0, 0, 1], "texture": "#3"},
				"up": {"uv": [1.5, 0, 0, 0], "texture": "#3"},
				"down": {"uv": [1.5, 0, 0, 0], "texture": "#3"}
			}
		},
		{
			"from": [0.57003, -0.9875, 3.3682],
			"to": [0.58003, 0.8625, 6.5682],
			"shade": false,
			"rotation": {"angle": -22.5, "axis": "y", "origin": [0.57003, 0.8125, 4.9682]},
			"faces": {
				"north": {"uv": [0, 0, 0, 1], "texture": "#3"},
				"east": {"uv": [2, 7, 3.5, 8], "texture": "#3"},
				"south": {"uv": [0, 0, 0, 1], "texture": "#3"},
				"west": {"uv": [2, 7, 3.5, 8], "texture": "#3"},
				"up": {"uv": [0, 1.5, 0, 0], "texture": "#3"},
				"down": {"uv": [0, 0, 0, 1.5], "texture": "#3"}
			}
		},
		{
			"from": [-0.04214, -0.9875, 6.42081],
			"to": [-0.03214, 0.8625, 9.55831],
			"shade": false,
			"rotation": {"angle": 0, "axis": "y", "origin": [-0.04214, 0.8125, 7.95831]},
			"faces": {
				"north": {"uv": [0, 0, 0, 1], "texture": "#3"},
				"east": {"uv": [7, 0, 8.5, 1], "texture": "#3"},
				"south": {"uv": [0, 0, 0, 1], "texture": "#3"},
				"west": {"uv": [7, 0, 8.5, 1], "texture": "#3"},
				"up": {"uv": [0, 1.5, 0, 0], "texture": "#3"},
				"down": {"uv": [0, 0, 0, 1.5], "texture": "#3"}
			}
		},
		{
			"from": [0.57003, 0.8625, 9.4359],
			"to": [0.82003, 0.8625, 12.6359],
			"shade": false,
			"rotation": {"angle": 22.5, "axis": "y", "origin": [0.57003, 0.8125, 11.0359]},
			"faces": {
				"north": {"uv": [0, 0, 0.5, 0], "texture": "#3"},
				"east": {"uv": [0, 0, 1.5, 0], "texture": "#3"},
				"south": {"uv": [0, 0, 0.5, 0], "texture": "#3"},
				"west": {"uv": [0, 0, 1.5, 0], "texture": "#3"},
				"up": {"uv": [2, 9, 1.5, 7.5], "texture": "#3"},
				"down": {"uv": [7, 9, 5.5, 8.5], "texture": "#3"}
			}
		},
		{
			"from": [0.71221, 0.8625, 13.33359],
			"to": [3.91221, 0.8625, 13.64609],
			"shade": false,
			"rotation": {"angle": -45, "axis": "y", "origin": [2.31221, 0.8125, 13.64609]},
			"faces": {
				"north": {"uv": [0, 0, 1.5, 0], "texture": "#3"},
				"east": {"uv": [0, 0, 0.5, 0], "texture": "#3"},
				"south": {"uv": [0, 0, 1.5, 0], "texture": "#3"},
				"west": {"uv": [0, 0, 0.5, 0], "texture": "#3"},
				"up": {"uv": [5, 3.5, 3.5, 3], "texture": "#3"},
				"down": {"uv": [7, 9, 5.5, 8.5], "texture": "#3"}
			}
		},
		{
			"from": [3.32179, 0.8625, 15.13976],
			"to": [6.52179, 0.8625, 15.38976],
			"shade": false,
			"rotation": {"angle": -22.5, "axis": "y", "origin": [4.92179, 0.8125, 15.38976]},
			"faces": {
				"north": {"uv": [0, 0, 1.5, 0], "texture": "#3"},
				"east": {"uv": [0, 0, 0.5, 0], "texture": "#3"},
				"south": {"uv": [0, 0, 1.5, 0], "texture": "#3"},
				"west": {"uv": [0, 0, 0.5, 0], "texture": "#3"},
				"up": {"uv": [8, 8, 6.5, 7.5], "texture": "#3"},
				"down": {"uv": [7, 9, 5.5, 8.5], "texture": "#3"}
			}
		},
		{
			"from": [6.4, 0.8625, 15.75205],
			"to": [9.6, 0.8625, 16.00205],
			"shade": false,
			"rotation": {"angle": 0, "axis": "y", "origin": [19.2, 12.8125, 3.20205]},
			"faces": {
				"north": {"uv": [0, 0, 1.5, 0], "texture": "#3"},
				"east": {"uv": [0, 0, 0.5, 0], "texture": "#3"},
				"south": {"uv": [0, 0, 1.5, 0], "texture": "#3"},
				"west": {"uv": [0, 0, 0.5, 0], "texture": "#3"},
				"up": {"uv": [3.5, 8.5, 2, 8], "texture": "#3"},
				"down": {"uv": [7, 9, 5.5, 8.5], "texture": "#3"}
			}
		},
		{
			"from": [9.47821, 0.8625, 15.07726],
			"to": [12.67821, 0.8625, 15.38976],
			"shade": false,
			"rotation": {"angle": 22.5, "axis": "y", "origin": [11.07821, 0.8125, 15.38976]},
			"faces": {
				"north": {"uv": [0, 0, 1.5, 0], "texture": "#3"},
				"east": {"uv": [0, 0, 0.5, 0], "texture": "#3"},
				"south": {"uv": [0, 0, 1.5, 0], "texture": "#3"},
				"west": {"uv": [0, 0, 0.5, 0], "texture": "#3"},
				"up": {"uv": [7, 8.5, 5.5, 8], "texture": "#3"},
				"down": {"uv": [7, 9, 5.5, 8.5], "texture": "#3"}
			}
		},
		{
			"from": [12.08779, 0.8625, 13.39609],
			"to": [15.28779, 0.8625, 13.64609],
			"shade": false,
			"rotation": {"angle": 45, "axis": "y", "origin": [13.68779, 0.8125, 13.64609]},
			"faces": {
				"north": {"uv": [0, 0, 1.5, 0], "texture": "#3"},
				"east": {"uv": [0, 0, 0.5, 0], "texture": "#3"},
				"south": {"uv": [0, 0, 1.5, 0], "texture": "#3"},
				"west": {"uv": [0, 0, 0.5, 0], "texture": "#3"},
				"up": {"uv": [9.5, 1.5, 8, 1], "texture": "#3"},
				"down": {"uv": [7, 9, 5.5, 8.5], "texture": "#3"}
			}
		},
		{
			"from": [15.11747, 0.8625, 9.4359],
			"to": [15.42997, 0.8625, 12.6359],
			"shade": false,
			"rotation": {"angle": -22.5, "axis": "y", "origin": [15.42997, 0.8125, 11.0359]},
			"faces": {
				"north": {"uv": [0, 0, 0.5, 0], "texture": "#3"},
				"east": {"uv": [0, 0, 1.5, 0], "texture": "#3"},
				"south": {"uv": [0, 0, 0.5, 0], "texture": "#3"},
				"west": {"uv": [0, 0, 1.5, 0], "texture": "#3"},
				"up": {"uv": [8.5, 3.5, 8, 2], "texture": "#3"},
				"down": {"uv": [7, 9, 5.5, 8.5], "texture": "#3"}
			}
		},
		{
			"from": [15.72964, 0.8625, 6.35831],
			"to": [16.04214, 0.8625, 9.55831],
			"shade": false,
			"rotation": {"angle": 0, "axis": "y", "origin": [16.04214, 0.8125, 7.95831]},
			"faces": {
				"north": {"uv": [0, 0, 0.5, 0], "texture": "#3"},
				"east": {"uv": [0, 0, 1.5, 0], "texture": "#3"},
				"south": {"uv": [0, 0, 0.5, 0], "texture": "#3"},
				"west": {"uv": [0, 0, 1.5, 0], "texture": "#3"},
				"up": {"uv": [8.5, 6.5, 8, 5], "texture": "#3"},
				"down": {"uv": [7, 9, 5.5, 8.5], "texture": "#3"}
			}
		},
		{
			"from": [15.11747, 0.8625, 3.3682],
			"to": [15.42997, 0.8625, 6.5682],
			"shade": false,
			"rotation": {"angle": 22.5, "axis": "y", "origin": [15.42997, 0.8125, 4.9682]},
			"faces": {
				"north": {"uv": [0, 0, 0.5, 0], "texture": "#3"},
				"east": {"uv": [0, 0, 1.5, 0], "texture": "#3"},
				"south": {"uv": [0, 0, 0.5, 0], "texture": "#3"},
				"west": {"uv": [0, 0, 1.5, 0], "texture": "#3"},
				"up": {"uv": [0.5, 10, 0, 8.5], "texture": "#3"},
				"down": {"uv": [7, 9, 5.5, 8.5], "texture": "#3"}
			}
		},
		{
			"from": [12.08779, 0.8625, 2.35801],
			"to": [15.28779, 0.8625, 2.67051],
			"shade": false,
			"rotation": {"angle": -45, "axis": "y", "origin": [13.68779, 0.8125, 2.35801]},
			"faces": {
				"north": {"uv": [0, 0, 1.5, 0], "texture": "#3"},
				"east": {"uv": [0, 0, 0.5, 0], "texture": "#3"},
				"south": {"uv": [0, 0, 1.5, 0], "texture": "#3"},
				"west": {"uv": [0, 0, 0.5, 0], "texture": "#3"},
				"up": {"uv": [3.5, 9, 2, 8.5], "texture": "#3"},
				"down": {"uv": [7, 9, 5.5, 8.5], "texture": "#3"}
			}
		},
		{
			"from": [9.47821, 0.8625, 0.61434],
			"to": [12.67821, 0.8625, 0.86434],
			"shade": false,
			"rotation": {"angle": -22.5, "axis": "y", "origin": [11.07821, 0.8125, 0.61434]},
			"faces": {
				"north": {"uv": [0, 0, 1.5, 0], "texture": "#3"},
				"east": {"uv": [0, 0, 0.5, 0], "texture": "#3"},
				"south": {"uv": [0, 0, 1.5, 0], "texture": "#3"},
				"west": {"uv": [0, 0, 0.5, 0], "texture": "#3"},
				"up": {"uv": [7, 9, 5.5, 8.5], "texture": "#3"},
				"down": {"uv": [7, 9, 5.5, 8.5], "texture": "#3"}
			}
		},
		{
			"from": [6.4, 0.8625, 0.00205],
			"to": [9.6, 0.8625, 0.25205],
			"shade": false,
			"rotation": {"angle": 0, "axis": "y", "origin": [-3.2, 12.8125, 12.80205]},
			"faces": {
				"north": {"uv": [0, 0, 1.5, 0], "texture": "#3"},
				"east": {"uv": [0, 0, 0.5, 0], "texture": "#3"},
				"south": {"uv": [0, 0, 1.5, 0], "texture": "#3"},
				"west": {"uv": [0, 0, 0.5, 0], "texture": "#3"},
				"up": {"uv": [10, 9, 8.5, 8.5], "texture": "#3"},
				"down": {"uv": [7, 9, 5.5, 8.5], "texture": "#3"}
			}
		},
		{
			"from": [3.32179, 0.8625, 0.61434],
			"to": [6.52179, 0.8625, 0.86434],
			"shade": false,
			"rotation": {"angle": 22.5, "axis": "y", "origin": [4.92179, 0.8125, 0.61434]},
			"faces": {
				"north": {"uv": [0, 0, 1.5, 0], "texture": "#3"},
				"east": {"uv": [0, 0, 0.5, 0], "texture": "#3"},
				"south": {"uv": [0, 0, 1.5, 0], "texture": "#3"},
				"west": {"uv": [0, 0, 0.5, 0], "texture": "#3"},
				"up": {"uv": [10, 1, 8.5, 0.5], "texture": "#3"},
				"down": {"uv": [7, 9, 5.5, 8.5], "texture": "#3"}
			}
		},
		{
			"from": [0.71221, 0.8625, 2.35801],
			"to": [3.91221, 0.8625, 2.60801],
			"shade": false,
			"rotation": {"angle": 45, "axis": "y", "origin": [2.31221, 0.8125, 2.35801]},
			"faces": {
				"north": {"uv": [0, 0, 1.5, 0], "texture": "#3"},
				"east": {"uv": [0, 0, 0.5, 0], "texture": "#3"},
				"south": {"uv": [0, 0, 1.5, 0], "texture": "#3"},
				"west": {"uv": [0, 0, 0.5, 0], "texture": "#3"},
				"up": {"uv": [10, 3, 8.5, 2.5], "texture": "#3"},
				"down": {"uv": [7, 9, 5.5, 8.5], "texture": "#3"}
			}
		},
		{
			"from": [0.57003, 0.8625, 3.3682],
			"to": [0.82003, 0.8625, 6.5682],
			"shade": false,
			"rotation": {"angle": -22.5, "axis": "y", "origin": [0.57003, 0.8125, 4.9682]},
			"faces": {
				"north": {"uv": [0, 0, 0.5, 0], "texture": "#3"},
				"east": {"uv": [0, 0, 1.5, 0], "texture": "#3"},
				"south": {"uv": [0, 0, 0.5, 0], "texture": "#3"},
				"west": {"uv": [0, 0, 1.5, 0], "texture": "#3"},
				"up": {"uv": [1.5, 10, 1, 8.5], "texture": "#3"},
				"down": {"uv": [7, 9, 5.5, 8.5], "texture": "#3"}
			}
		},
		{
			"from": [-0.04214, 0.8625, 6.35831],
			"to": [0.20786, 0.8625, 9.55831],
			"shade": false,
			"rotation": {"angle": 0, "axis": "y", "origin": [-0.04214, 0.8125, 7.95831]},
			"faces": {
				"north": {"uv": [0, 0, 0.5, 0], "texture": "#3"},
				"east": {"uv": [0, 0, 1.5, 0], "texture": "#3"},
				"south": {"uv": [0, 0, 0.5, 0], "texture": "#3"},
				"west": {"uv": [0, 0, 1.5, 0], "texture": "#3"},
				"up": {"uv": [9, 6.5, 8.5, 5], "texture": "#3"},
				"down": {"uv": [7, 9, 5.5, 8.5], "texture": "#3"}
			}
		}
	],
	"gui_light": "front",
	"display": {
		"thirdperson_righthand": {
			"rotation": [88, 0, 0],
			"translation": [0, 1, 31.75],
			"scale": [2, 1.5, 2]
		},
		"thirdperson_lefthand": {
			"rotation": [88, -180, 0],
			"translation": [0, 1, 31.75],
			"scale": [2, 1.5, 2]
		},
		"firstperson_righthand": {
			"translation": [18, 35, -15],
			"scale": [2, 2, 2]
		},
		"firstperson_lefthand": {
			"rotation": [0, -180, 0],
			"translation": [18, 35, -15],
			"scale": [2, 2, 2]
		},
		"ground": {
			"translation": [0, 17, 0]
		},
		"gui": {
			"rotation": [29, -180, 0],
			"translation": [0, 6.75, 0],
			"scale": [0.7, 0.7, 0.7]
		},
		"head": {
			"translation": [0, 26.75, 0]
		},
		"fixed": {
			"translation": [0, 14.5, -8.5]
		}
	}
}