{
	"__comment": "Copyright for AdelaOnline all rights reserved",
	"textures": {
		"texture": "compass/17"
	},
	"elements": [ 	 
		{
			"__comment": "Element",
			"from": [ -16, -16, 16 ],
			"to": [ 32, 32, 16.0625 ],
			"faces": {
				"north": { "uv": [ 16, 16, 0, 0 ], "texture": "#texture", "rotation": 180 },
				"south": { "uv": [ 0, 0, 16, 16 ], "texture": "#texture" }
			}
		}
	],
	"display": {
		"thirdperson_righthand": {
			"rotation":  [ -9, 0, 0 ],
			"translation":  [ -5.564, 12.521, -7.646 ],
			"scale":  [ 0.0001, 0.0001, 0.0001 ]
		},
		"thirdperson_lefthand": {
			"scale":  [ 0.0001, 0.0001, 0.0001 ]
		},
		"firstperson_righthand": {
			"scale":  [ 0.0001, 0.0001, 0.0001 ]
		},
		"firstperson_lefthand": {
			"scale":  [ 0.0001, 0.0001, 0.0001 ]
		},
		"gui": {
			"rotation":  [ -77, 0, 0 ],
			"translation":  [ -0.349, 80, -7.652 ],
			"scale":  [ 2, 2.5217, 2 ]
		}
	}
}