{
	"credit": "Made with Blockbench",
	"texture_size": [64, 64],
	"textures": {
		"0": "weapon/62-1",
		"1": "weapon/62",
		"particle": "weapon/62-1"
	},
	"elements": [
		{
			"from": [-3.25, 0.99, -3.25],
			"to": [19.25, 1.01, 19.25],
			"rotation": {"angle": 0, "axis": "y", "origin": [0.4809, -7.00889, 7.33333]},
			"faces": {
				"north": {"uv": [0, 0, 16, 0.01], "texture": "#0"},
				"east": {"uv": [0, 0, 16, 0.01], "texture": "#0"},
				"south": {"uv": [0, 0, 16, 0.01], "texture": "#0"},
				"west": {"uv": [0, 0, 16, 0.01], "texture": "#0"},
				"up": {"uv": [0, 0, 16, 16], "texture": "#0"},
				"down": {"uv": [0, 16, 16, 0], "texture": "#0"}
			}
		},
		{
			"from": [-3.125, 0.5, 7.5],
			"to": [-2.125, 1, 8.5],
			"rotation": {"angle": 45, "axis": "y", "origin": [-2.625, 0.5, 8]},
			"faces": {
				"north": {"uv": [0, 0, 0.25, 0.125], "texture": "#1"},
				"east": {"uv": [0, 0, 0.25, 0.125], "texture": "#1"},
				"south": {"uv": [0, 0, 0.25, 0.125], "texture": "#1"},
				"west": {"uv": [0, 0, 0.25, 0.125], "texture": "#1"},
				"up": {"uv": [0, 0, 0.25, 0.25], "texture": "#1"},
				"down": {"uv": [0, 0, 0.25, 0.25], "texture": "#1"}
			}
		},
		{
			"from": [-0.04962, 0.5, 14.92462],
			"to": [0.95038, 1, 15.92462],
			"rotation": {"angle": 0, "axis": "y", "origin": [7.875, 0.75, 8]},
			"faces": {
				"north": {"uv": [0, 0, 0.25, 0.125], "texture": "#1"},
				"east": {"uv": [0, 0, 0.25, 0.125], "texture": "#1"},
				"south": {"uv": [0, 0, 0.25, 0.125], "texture": "#1"},
				"west": {"uv": [0, 0, 0.25, 0.125], "texture": "#1"},
				"up": {"uv": [0, 0, 0.25, 0.25], "rotation": 270, "texture": "#1"},
				"down": {"uv": [0, 0, 0.25, 0.25], "rotation": 90, "texture": "#1"}
			}
		},
		{
			"from": [-0.04962, 0.5, 14.92462],
			"to": [0.95038, 1, 15.92462],
			"rotation": {"angle": 45, "axis": "y", "origin": [7.875, 0.75, 8]},
			"faces": {
				"north": {"uv": [0, 0, 0.25, 0.125], "texture": "#1"},
				"east": {"uv": [0, 0, 0.25, 0.125], "texture": "#1"},
				"south": {"uv": [0, 0, 0.25, 0.125], "texture": "#1"},
				"west": {"uv": [0, 0, 0.25, 0.125], "texture": "#1"},
				"up": {"uv": [0, 0, 0.25, 0.25], "rotation": 270, "texture": "#1"},
				"down": {"uv": [0, 0, 0.25, 0.25], "rotation": 90, "texture": "#1"}
			}
		},
		{
			"from": [14.79962, 0.5, 14.92462],
			"to": [15.79962, 1, 15.92462],
			"rotation": {"angle": 0, "axis": "y", "origin": [7.875, 0.75, 8]},
			"faces": {
				"north": {"uv": [0, 0, 0.25, 0.125], "texture": "#1"},
				"east": {"uv": [0, 0, 0.25, 0.125], "texture": "#1"},
				"south": {"uv": [0, 0, 0.25, 0.125], "texture": "#1"},
				"west": {"uv": [0, 0, 0.25, 0.125], "texture": "#1"},
				"up": {"uv": [0, 0, 0.25, 0.25], "rotation": 180, "texture": "#1"},
				"down": {"uv": [0, 0, 0.25, 0.25], "rotation": 180, "texture": "#1"}
			}
		},
		{
			"from": [17.875, 0.5, 7.5],
			"to": [18.875, 1, 8.5],
			"rotation": {"angle": -45, "axis": "y", "origin": [18.375, 0.5, 8]},
			"faces": {
				"north": {"uv": [0.25, 0, 0.5, 0.125], "texture": "#1"},
				"east": {"uv": [0.25, 0, 0.5, 0.125], "texture": "#1"},
				"south": {"uv": [0.25, 0, 0.5, 0.125], "texture": "#1"},
				"west": {"uv": [0.25, 0, 0.5, 0.125], "texture": "#1"},
				"up": {"uv": [0.25, 0, 0.5, 0.25], "texture": "#1"},
				"down": {"uv": [0.25, 0, 0.5, 0.25], "texture": "#1"}
			}
		},
		{
			"from": [14.79962, 0.5, 0.07538],
			"to": [15.79962, 1, 1.07538],
			"rotation": {"angle": 0, "axis": "y", "origin": [7.875, 0.75, 8]},
			"faces": {
				"north": {"uv": [0.25, 0, 0.5, 0.125], "texture": "#1"},
				"east": {"uv": [0.25, 0, 0.5, 0.125], "texture": "#1"},
				"south": {"uv": [0.25, 0, 0.5, 0.125], "texture": "#1"},
				"west": {"uv": [0.25, 0, 0.5, 0.125], "texture": "#1"},
				"up": {"uv": [0.25, 0, 0.5, 0.25], "texture": "#1"},
				"down": {"uv": [0.25, 0, 0.5, 0.25], "texture": "#1"}
			}
		},
		{
			"from": [14.79962, 0.5, 0.07538],
			"to": [15.79962, 1, 1.07538],
			"rotation": {"angle": 45, "axis": "y", "origin": [7.875, 0.75, 8]},
			"faces": {
				"north": {"uv": [0.25, 0, 0.5, 0.125], "texture": "#1"},
				"east": {"uv": [0.25, 0, 0.5, 0.125], "texture": "#1"},
				"south": {"uv": [0.25, 0, 0.5, 0.125], "texture": "#1"},
				"west": {"uv": [0.25, 0, 0.5, 0.125], "texture": "#1"},
				"up": {"uv": [0.25, 0, 0.5, 0.25], "texture": "#1"},
				"down": {"uv": [0.25, 0, 0.5, 0.25], "texture": "#1"}
			}
		},
		{
			"from": [-0.04962, 0.5, 0.07538],
			"to": [0.95038, 1, 1.07538],
			"rotation": {"angle": 0, "axis": "y", "origin": [7.875, 0.75, 8]},
			"faces": {
				"north": {"uv": [0.25, 0, 0.5, 0.125], "texture": "#1"},
				"east": {"uv": [0.25, 0, 0.5, 0.125], "texture": "#1"},
				"south": {"uv": [0.25, 0, 0.5, 0.125], "texture": "#1"},
				"west": {"uv": [0.25, 0, 0.5, 0.125], "texture": "#1"},
				"up": {"uv": [0.25, 0, 0.5, 0.25], "rotation": 270, "texture": "#1"},
				"down": {"uv": [0.25, 0, 0.5, 0.25], "rotation": 90, "texture": "#1"}
			}
		},
		{
			"from": [-2.6875, -1.25, 7.9375],
			"to": [-2.5625, 0.5, 8.0625],
			"rotation": {"angle": 45, "axis": "y", "origin": [-2.625, 0, 8]},
			"faces": {
				"north": {"uv": [0, 0, 0.03125, 0.4375], "texture": "#1"},
				"east": {"uv": [0, 0, 0.03125, 0.4375], "texture": "#1"},
				"south": {"uv": [0, 0, 0.03125, 0.4375], "texture": "#1"},
				"west": {"uv": [0, 0, 0.03125, 0.4375], "texture": "#1"},
				"up": {"uv": [0, 0, 0.03125, 0.03125], "texture": "#1"},
				"down": {"uv": [0, 0, 0.03125, 0.03125], "texture": "#1"}
			}
		},
		{
			"from": [0.38788, -1.25, 15.36212],
			"to": [0.51288, 0.5, 15.48712],
			"rotation": {"angle": 0, "axis": "y", "origin": [7.875, 0.25, 8]},
			"faces": {
				"north": {"uv": [0, 0, 0.03125, 0.4375], "texture": "#1"},
				"east": {"uv": [0, 0, 0.03125, 0.4375], "texture": "#1"},
				"south": {"uv": [0, 0, 0.03125, 0.4375], "texture": "#1"},
				"west": {"uv": [0, 0, 0.03125, 0.4375], "texture": "#1"},
				"up": {"uv": [0, 0, 0.03125, 0.03125], "rotation": 270, "texture": "#1"},
				"down": {"uv": [0, 0, 0.03125, 0.03125], "rotation": 90, "texture": "#1"}
			}
		},
		{
			"from": [0.38788, -1.25, 15.36212],
			"to": [0.51288, 0.5, 15.48712],
			"rotation": {"angle": 45, "axis": "y", "origin": [7.875, 0.25, 8]},
			"faces": {
				"north": {"uv": [0, 0, 0.03125, 0.4375], "texture": "#1"},
				"east": {"uv": [0, 0, 0.03125, 0.4375], "texture": "#1"},
				"south": {"uv": [0, 0, 0.03125, 0.4375], "texture": "#1"},
				"west": {"uv": [0, 0, 0.03125, 0.4375], "texture": "#1"},
				"up": {"uv": [0, 0, 0.03125, 0.03125], "rotation": 270, "texture": "#1"},
				"down": {"uv": [0, 0, 0.03125, 0.03125], "rotation": 90, "texture": "#1"}
			}
		},
		{
			"from": [15.23712, -1.25, 15.36212],
			"to": [15.36212, 0.5, 15.48712],
			"rotation": {"angle": 0, "axis": "y", "origin": [7.875, 0.25, 8]},
			"faces": {
				"north": {"uv": [0, 0, 0.03125, 0.4375], "texture": "#1"},
				"east": {"uv": [0, 0, 0.03125, 0.4375], "texture": "#1"},
				"south": {"uv": [0, 0, 0.03125, 0.4375], "texture": "#1"},
				"west": {"uv": [0, 0, 0.03125, 0.4375], "texture": "#1"},
				"up": {"uv": [0, 0, 0.03125, 0.03125], "rotation": 180, "texture": "#1"},
				"down": {"uv": [0, 0, 0.03125, 0.03125], "rotation": 180, "texture": "#1"}
			}
		},
		{
			"from": [18.3125, -1.25, 7.9375],
			"to": [18.4375, 0.5, 8.0625],
			"rotation": {"angle": -45, "axis": "y", "origin": [18.375, 0, 8]},
			"faces": {
				"north": {"uv": [0.25, 0, 0.28125, 0.4375], "texture": "#1"},
				"east": {"uv": [0.25, 0, 0.28125, 0.4375], "texture": "#1"},
				"south": {"uv": [0.25, 0, 0.28125, 0.4375], "texture": "#1"},
				"west": {"uv": [0.25, 0, 0.28125, 0.4375], "texture": "#1"},
				"up": {"uv": [0.25, 0, 0.28125, 0.03125], "texture": "#1"},
				"down": {"uv": [0.25, 0, 0.28125, 0.03125], "texture": "#1"}
			}
		},
		{
			"from": [15.23712, -1.25, 0.51288],
			"to": [15.36212, 0.5, 0.63788],
			"rotation": {"angle": 0, "axis": "y", "origin": [7.875, 0.25, 8]},
			"faces": {
				"north": {"uv": [0.25, 0, 0.28125, 0.4375], "texture": "#1"},
				"east": {"uv": [0.25, 0, 0.28125, 0.4375], "texture": "#1"},
				"south": {"uv": [0.25, 0, 0.28125, 0.4375], "texture": "#1"},
				"west": {"uv": [0.25, 0, 0.28125, 0.4375], "texture": "#1"},
				"up": {"uv": [0.25, 0, 0.28125, 0.03125], "texture": "#1"},
				"down": {"uv": [0.25, 0, 0.28125, 0.03125], "texture": "#1"}
			}
		},
		{
			"from": [15.23712, -1.25, 0.51288],
			"to": [15.36212, 0.5, 0.63788],
			"rotation": {"angle": 45, "axis": "y", "origin": [7.875, 0.25, 8]},
			"faces": {
				"north": {"uv": [0.25, 0, 0.28125, 0.4375], "texture": "#1"},
				"east": {"uv": [0.25, 0, 0.28125, 0.4375], "texture": "#1"},
				"south": {"uv": [0.25, 0, 0.28125, 0.4375], "texture": "#1"},
				"west": {"uv": [0.25, 0, 0.28125, 0.4375], "texture": "#1"},
				"up": {"uv": [0.25, 0, 0.28125, 0.03125], "texture": "#1"},
				"down": {"uv": [0.25, 0, 0.28125, 0.03125], "texture": "#1"}
			}
		},
		{
			"from": [0.38788, -1.25, 0.51288],
			"to": [0.51288, 0.5, 0.63788],
			"rotation": {"angle": 0, "axis": "y", "origin": [7.875, 0.25, 8]},
			"faces": {
				"north": {"uv": [0.25, 0, 0.28125, 0.4375], "texture": "#1"},
				"east": {"uv": [0.25, 0, 0.28125, 0.4375], "texture": "#1"},
				"south": {"uv": [0.25, 0, 0.28125, 0.4375], "texture": "#1"},
				"west": {"uv": [0.25, 0, 0.28125, 0.4375], "texture": "#1"},
				"up": {"uv": [0.25, 0, 0.28125, 0.03125], "rotation": 270, "texture": "#1"},
				"down": {"uv": [0.25, 0, 0.28125, 0.03125], "rotation": 90, "texture": "#1"}
			}
		},
		{
			"from": [0.13788, -1.625, 0.26288],
			"to": [0.76288, -1, 0.88788],
			"rotation": {"angle": -45, "axis": "z", "origin": [0.45038, -1.3125, 0.57538]},
			"faces": {
				"north": {"uv": [11.5, 2, 14, 4.5], "rotation": 180, "texture": "#1"},
				"east": {"uv": [12.5, 2, 14, 3.5], "texture": "#1"},
				"south": {"uv": [11.5, 2, 14, 4.5], "rotation": 90, "texture": "#1"},
				"west": {"uv": [0, 0.25, 2, 2.25], "texture": "#1"},
				"up": {"uv": [0, 0, 2, 2], "texture": "#1"},
				"down": {"uv": [12.5, 2, 14, 3.5], "texture": "#1"}
			}
		},
		{
			"from": [-2.9375, -1.625, 7.6875],
			"to": [-2.3125, -1, 8.3125],
			"rotation": {"angle": -45, "axis": "z", "origin": [-2.625, -1.3125, 8]},
			"faces": {
				"north": {"uv": [11.5, 2, 14, 4.5], "rotation": 180, "texture": "#1"},
				"east": {"uv": [12.5, 2, 14, 3.5], "texture": "#1"},
				"south": {"uv": [11.5, 2, 14, 4.5], "rotation": 90, "texture": "#1"},
				"west": {"uv": [0, 0.25, 2, 2.25], "texture": "#1"},
				"up": {"uv": [0, 0, 2, 2], "texture": "#1"},
				"down": {"uv": [12.5, 2, 14, 3.5], "texture": "#1"}
			}
		},
		{
			"from": [0.13788, -1.625, 15.11212],
			"to": [0.76288, -1, 15.73712],
			"rotation": {"angle": -45, "axis": "z", "origin": [0.45038, -1.3125, 15.42462]},
			"faces": {
				"north": {"uv": [11.5, 2, 14, 4.5], "rotation": 180, "texture": "#1"},
				"east": {"uv": [12.5, 2, 14, 3.5], "texture": "#1"},
				"south": {"uv": [11.5, 2, 14, 4.5], "rotation": 90, "texture": "#1"},
				"west": {"uv": [0, 0.25, 2, 2.25], "texture": "#1"},
				"up": {"uv": [0, 0, 2, 2], "texture": "#1"},
				"down": {"uv": [12.5, 2, 14, 3.5], "texture": "#1"}
			}
		},
		{
			"from": [7.5625, -1.625, 18.1875],
			"to": [8.1875, -1, 18.8125],
			"rotation": {"angle": -45, "axis": "z", "origin": [7.875, -1.3125, 18.5]},
			"faces": {
				"north": {"uv": [11.5, 2, 14, 4.5], "rotation": 180, "texture": "#1"},
				"east": {"uv": [12.5, 2, 14, 3.5], "texture": "#1"},
				"south": {"uv": [11.5, 2, 14, 4.5], "rotation": 90, "texture": "#1"},
				"west": {"uv": [0, 0.25, 2, 2.25], "texture": "#1"},
				"up": {"uv": [0, 0, 2, 2], "texture": "#1"},
				"down": {"uv": [12.5, 2, 14, 3.5], "texture": "#1"}
			}
		},
		{
			"from": [14.98712, -1.625, 15.11212],
			"to": [15.61212, -1, 15.73712],
			"rotation": {"angle": -45, "axis": "z", "origin": [15.29962, -1.3125, 15.42462]},
			"faces": {
				"north": {"uv": [11.5, 2, 14, 4.5], "rotation": 180, "texture": "#1"},
				"east": {"uv": [12.5, 2, 14, 3.5], "texture": "#1"},
				"south": {"uv": [11.5, 2, 14, 4.5], "rotation": 90, "texture": "#1"},
				"west": {"uv": [0, 0.25, 2, 2.25], "texture": "#1"},
				"up": {"uv": [0, 0, 2, 2], "texture": "#1"},
				"down": {"uv": [12.5, 2, 14, 3.5], "texture": "#1"}
			}
		},
		{
			"from": [18.0625, -1.625, 7.6875],
			"to": [18.6875, -1, 8.3125],
			"rotation": {"angle": -45, "axis": "z", "origin": [18.375, -1.3125, 8]},
			"faces": {
				"north": {"uv": [11.5, 2, 14, 4.5], "rotation": 180, "texture": "#1"},
				"east": {"uv": [12.5, 2, 14, 3.5], "texture": "#1"},
				"south": {"uv": [11.5, 2, 14, 4.5], "rotation": 90, "texture": "#1"},
				"west": {"uv": [0, 0.25, 2, 2.25], "texture": "#1"},
				"up": {"uv": [0, 0, 2, 2], "texture": "#1"},
				"down": {"uv": [12.5, 2, 14, 3.5], "texture": "#1"}
			}
		},
		{
			"from": [14.98712, -1.625, 0.26288],
			"to": [15.61212, -1, 0.88788],
			"rotation": {"angle": -45, "axis": "z", "origin": [15.29962, -1.3125, 0.57538]},
			"faces": {
				"north": {"uv": [11.5, 2, 14, 4.5], "rotation": 180, "texture": "#1"},
				"east": {"uv": [12.5, 2, 14, 3.5], "texture": "#1"},
				"south": {"uv": [11.5, 2, 14, 4.5], "rotation": 90, "texture": "#1"},
				"west": {"uv": [0, 0.25, 2, 2.25], "texture": "#1"},
				"up": {"uv": [0, 0, 2, 2], "texture": "#1"},
				"down": {"uv": [12.5, 2, 14, 3.5], "texture": "#1"}
			}
		},
		{
			"from": [7.5625, -1.625, -2.8125],
			"to": [8.1875, -1, -2.1875],
			"rotation": {"angle": -45, "axis": "z", "origin": [7.875, -1.3125, -2.5]},
			"faces": {
				"north": {"uv": [11.5, 2, 14, 4.5], "rotation": 180, "texture": "#1"},
				"east": {"uv": [12.5, 2, 14, 3.5], "texture": "#1"},
				"south": {"uv": [11.5, 2, 14, 4.5], "rotation": 90, "texture": "#1"},
				"west": {"uv": [0, 0.25, 2, 2.25], "texture": "#1"},
				"up": {"uv": [0, 0, 2, 2], "texture": "#1"},
				"down": {"uv": [12.5, 2, 14, 3.5], "texture": "#1"}
			}
		},
		{
			"from": [-2.64604, 0.45, 5.9],
			"to": [-2.19604, 1.05, 10.1],
			"rotation": {"angle": 0, "axis": "y", "origin": [7.91138, -0.35, 8]},
			"faces": {
				"north": {"uv": [1, 5.75, 1.25, 6], "texture": "#1"},
				"east": {"uv": [5.75, 5.25, 6.75, 5.5], "texture": "#1"},
				"south": {"uv": [1.25, 5.75, 1.5, 6], "texture": "#1"},
				"west": {"uv": [1, 6, 2, 6.25], "texture": "#1"},
				"up": {"uv": [4, 7, 3.75, 6], "texture": "#1"},
				"down": {"uv": [4.25, 6, 4, 7], "texture": "#1"}
			}
		},
		{
			"from": [-2.64604, 0.45, 5.9],
			"to": [-2.19604, 1.05, 10.1],
			"rotation": {"angle": 22.5, "axis": "y", "origin": [7.91138, -0.35, 8]},
			"faces": {
				"north": {"uv": [7.25, 5.75, 7.5, 6], "texture": "#1"},
				"east": {"uv": [4.25, 6, 5.25, 6.25], "texture": "#1"},
				"south": {"uv": [7.25, 6, 7.5, 6.25], "texture": "#1"},
				"west": {"uv": [5.25, 6, 6.25, 6.25], "texture": "#1"},
				"up": {"uv": [1.25, 7.25, 1, 6.25], "texture": "#1"},
				"down": {"uv": [1.5, 6.25, 1.25, 7.25], "texture": "#1"}
			}
		},
		{
			"from": [-2.64604, 0.45, 5.9],
			"to": [-2.19604, 1.05, 10.1],
			"rotation": {"angle": -22.5, "axis": "y", "origin": [7.91138, -0.35, 8]},
			"faces": {
				"north": {"uv": [5.25, 7.5, 5.5, 7.75], "texture": "#1"},
				"east": {"uv": [6.25, 6.75, 7.25, 7], "texture": "#1"},
				"south": {"uv": [5.5, 7.5, 5.75, 7.75], "texture": "#1"},
				"west": {"uv": [6.75, 5.25, 7.75, 5.5], "texture": "#1"},
				"up": {"uv": [0.75, 8, 0.5, 7], "texture": "#1"},
				"down": {"uv": [4, 7, 3.75, 8], "texture": "#1"}
			}
		},
		{
			"from": [-2.64604, 0.45, 5.9],
			"to": [-2.19604, 1.05, 10.1],
			"rotation": {"angle": 45, "axis": "y", "origin": [7.91138, -0.35, 8]},
			"faces": {
				"north": {"uv": [7.25, 6.25, 7.5, 6.5], "texture": "#1"},
				"east": {"uv": [4.25, 6.25, 5.25, 6.5], "texture": "#1"},
				"south": {"uv": [7.25, 6.5, 7.5, 6.75], "texture": "#1"},
				"west": {"uv": [5.25, 6.25, 6.25, 6.5], "texture": "#1"},
				"up": {"uv": [1.75, 7.25, 1.5, 6.25], "texture": "#1"},
				"down": {"uv": [2, 6.25, 1.75, 7.25], "texture": "#1"}
			}
		},
		{
			"from": [-2.64604, 0.45, 5.9],
			"to": [-2.19604, 1.05, 10.1],
			"rotation": {"angle": -45, "axis": "y", "origin": [7.91138, -0.35, 8]},
			"faces": {
				"north": {"uv": [5.75, 7.5, 6, 7.75], "texture": "#1"},
				"east": {"uv": [4, 7, 5, 7.25], "texture": "#1"},
				"south": {"uv": [6.5, 7.5, 6.75, 7.75], "texture": "#1"},
				"west": {"uv": [5, 7, 6, 7.25], "texture": "#1"},
				"up": {"uv": [6.25, 8, 6, 7], "texture": "#1"},
				"down": {"uv": [6.5, 7, 6.25, 8], "texture": "#1"}
			}
		},
		{
			"from": [5.81138, 0.45, 18.10741],
			"to": [10.01138, 1.05, 18.55741],
			"rotation": {"angle": -22.5, "axis": "y", "origin": [7.91138, -0.35, 8]},
			"faces": {
				"north": {"uv": [6.25, 6.25, 7.25, 6.5], "texture": "#1"},
				"east": {"uv": [7.25, 6.75, 7.5, 7], "texture": "#1"},
				"south": {"uv": [6.25, 0.75, 7.25, 1], "texture": "#1"},
				"west": {"uv": [0, 7.5, 0.25, 7.75], "texture": "#1"},
				"up": {"uv": [7.25, 1.25, 6.25, 1], "texture": "#1"},
				"down": {"uv": [7.25, 1.25, 6.25, 1.5], "texture": "#1"}
			}
		},
		{
			"from": [5.81138, 0.45, -2.55741],
			"to": [10.01138, 1.05, -2.10741],
			"rotation": {"angle": 22.5, "axis": "y", "origin": [7.91138, -0.35, 8]},
			"faces": {
				"north": {"uv": [6.5, 7, 7.5, 7.25], "texture": "#1"},
				"east": {"uv": [6.75, 7.5, 7, 7.75], "texture": "#1"},
				"south": {"uv": [7, 3.5, 8, 3.75], "texture": "#1"},
				"west": {"uv": [7, 7.5, 7.25, 7.75], "texture": "#1"},
				"up": {"uv": [1.75, 7.5, 0.75, 7.25], "texture": "#1"},
				"down": {"uv": [5, 7.25, 4, 7.5], "texture": "#1"}
			}
		},
		{
			"from": [5.81138, 0.45, 18.10741],
			"to": [10.01138, 1.05, 18.55741],
			"rotation": {"angle": 0, "axis": "y", "origin": [7.91138, -0.35, 8]},
			"faces": {
				"north": {"uv": [6.25, 1.5, 7.25, 1.75], "texture": "#1"},
				"east": {"uv": [0.75, 7.5, 1, 7.75], "texture": "#1"},
				"south": {"uv": [6.25, 1.75, 7.25, 2], "texture": "#1"},
				"west": {"uv": [1, 7.5, 1.25, 7.75], "texture": "#1"},
				"up": {"uv": [7.25, 2.25, 6.25, 2], "texture": "#1"},
				"down": {"uv": [7.25, 2.25, 6.25, 2.5], "texture": "#1"}
			}
		},
		{
			"from": [5.81138, 0.45, -2.55741],
			"to": [10.01138, 1.05, -2.10741],
			"rotation": {"angle": 0, "axis": "y", "origin": [7.91138, -0.35, 8]},
			"faces": {
				"north": {"uv": [5, 7.25, 6, 7.5], "texture": "#1"},
				"east": {"uv": [7.25, 7.5, 7.5, 7.75], "texture": "#1"},
				"south": {"uv": [6.5, 7.25, 7.5, 7.5], "texture": "#1"},
				"west": {"uv": [7.5, 7.5, 7.75, 7.75], "texture": "#1"},
				"up": {"uv": [8.25, 1, 7.25, 0.75], "texture": "#1"},
				"down": {"uv": [8.25, 1, 7.25, 1.25], "texture": "#1"}
			}
		},
		{
			"from": [5.81138, 0.45, 18.10741],
			"to": [10.01138, 1.05, 18.55741],
			"rotation": {"angle": 22.5, "axis": "y", "origin": [7.91138, -0.35, 8]},
			"faces": {
				"north": {"uv": [6.25, 2.5, 7.25, 2.75], "texture": "#1"},
				"east": {"uv": [1.25, 7.5, 1.5, 7.75], "texture": "#1"},
				"south": {"uv": [6.25, 2.75, 7.25, 3], "texture": "#1"},
				"west": {"uv": [1.5, 7.5, 1.75, 7.75], "texture": "#1"},
				"up": {"uv": [7.25, 3.25, 6.25, 3], "texture": "#1"},
				"down": {"uv": [7.25, 5.5, 6.25, 5.75], "texture": "#1"}
			}
		},
		{
			"from": [5.81138, 0.45, -2.55741],
			"to": [10.01138, 1.05, -2.10741],
			"rotation": {"angle": -22.5, "axis": "y", "origin": [7.91138, -0.35, 8]},
			"faces": {
				"north": {"uv": [7.25, 1.25, 8.25, 1.5], "texture": "#1"},
				"east": {"uv": [7.5, 3.25, 7.75, 3.5], "texture": "#1"},
				"south": {"uv": [7.25, 1.5, 8.25, 1.75], "texture": "#1"},
				"west": {"uv": [7.5, 4, 7.75, 4.25], "texture": "#1"},
				"up": {"uv": [8.25, 2, 7.25, 1.75], "texture": "#1"},
				"down": {"uv": [8.25, 2, 7.25, 2.25], "texture": "#1"}
			}
		},
		{
			"from": [5.81138, 0.45, 18.10741],
			"to": [10.01138, 1.05, 18.55741],
			"rotation": {"angle": 45, "axis": "y", "origin": [7.91138, -0.35, 8]},
			"faces": {
				"north": {"uv": [6.25, 5.75, 7.25, 6], "texture": "#1"},
				"east": {"uv": [2.25, 7.5, 2.5, 7.75], "texture": "#1"},
				"south": {"uv": [6.25, 6, 7.25, 6.25], "texture": "#1"},
				"west": {"uv": [4, 7.5, 4.25, 7.75], "texture": "#1"},
				"up": {"uv": [5.25, 6.75, 4.25, 6.5], "texture": "#1"},
				"down": {"uv": [6.25, 6.5, 5.25, 6.75], "texture": "#1"}
			}
		},
		{
			"from": [5.81138, 0.45, -2.55741],
			"to": [10.01138, 1.05, -2.10741],
			"rotation": {"angle": -45, "axis": "y", "origin": [7.91138, -0.35, 8]},
			"faces": {
				"north": {"uv": [7.25, 2.25, 8.25, 2.5], "texture": "#1"},
				"east": {"uv": [7.5, 4.25, 7.75, 4.5], "texture": "#1"},
				"south": {"uv": [7.25, 2.5, 8.25, 2.75], "texture": "#1"},
				"west": {"uv": [7.5, 4.5, 7.75, 4.75], "texture": "#1"},
				"up": {"uv": [8.25, 3, 7.25, 2.75], "texture": "#1"},
				"down": {"uv": [8.25, 3, 7.25, 3.25], "texture": "#1"}
			}
		},
		{
			"from": [18.01879, 0.45, 5.9],
			"to": [18.46879, 1.05, 10.1],
			"rotation": {"angle": -22.5, "axis": "y", "origin": [7.91138, -0.35, 8]},
			"faces": {
				"north": {"uv": [4.25, 7.5, 4.5, 7.75], "texture": "#1"},
				"east": {"uv": [6.25, 6.5, 7.25, 6.75], "texture": "#1"},
				"south": {"uv": [4.5, 7.5, 4.75, 7.75], "texture": "#1"},
				"west": {"uv": [6.5, 3.25, 7.5, 3.5], "texture": "#1"},
				"up": {"uv": [2.25, 7.25, 2, 6.25], "texture": "#1"},
				"down": {"uv": [0.25, 6.5, 0, 7.5], "texture": "#1"}
			}
		},
		{
			"from": [18.01879, 0.45, 5.9],
			"to": [18.46879, 1.05, 10.1],
			"rotation": {"angle": 22.5, "axis": "y", "origin": [7.91138, -0.35, 8]},
			"faces": {
				"north": {"uv": [7.5, 4.75, 7.75, 5], "texture": "#1"},
				"east": {"uv": [7.25, 3.75, 8.25, 4], "texture": "#1"},
				"south": {"uv": [7.5, 5, 7.75, 5.25], "texture": "#1"},
				"west": {"uv": [7.25, 5.5, 8.25, 5.75], "texture": "#1"},
				"up": {"uv": [2, 8.25, 1.75, 7.25], "texture": "#1"},
				"down": {"uv": [2.25, 7.25, 2, 8.25], "texture": "#1"}
			}
		},
		{
			"from": [18.01879, 0.45, 5.9],
			"to": [18.46879, 1.05, 10.1],
			"rotation": {"angle": 0, "axis": "y", "origin": [7.91138, -0.35, 8]},
			"faces": {
				"north": {"uv": [4.75, 7.5, 5, 7.75], "texture": "#1"},
				"east": {"uv": [4.25, 6.75, 5.25, 7], "texture": "#1"},
				"south": {"uv": [5, 7.5, 5.25, 7.75], "texture": "#1"},
				"west": {"uv": [5.25, 6.75, 6.25, 7], "texture": "#1"},
				"up": {"uv": [2.5, 7.5, 2.25, 6.5], "texture": "#1"},
				"down": {"uv": [0.5, 6.75, 0.25, 7.75], "texture": "#1"}
			}
		},
		{
			"from": [7.75, -16, 7.75],
			"to": [8.25, 1, 8.25],
			"rotation": {"angle": 0, "axis": "y", "origin": [8, 0.5, 8]},
			"faces": {
				"north": {"uv": [0, 0, 0.25, 4], "texture": "#1"},
				"east": {"uv": [0.25, 0.25, 0.5, 4.25], "texture": "#1"},
				"south": {"uv": [0.5, 0.5, 0.75, 4.5], "texture": "#1"},
				"west": {"uv": [0.75, 0.75, 1, 4.75], "texture": "#1"},
				"up": {"uv": [7.75, 6, 7.5, 5.75], "texture": "#1"},
				"down": {"uv": [7.75, 6, 7.5, 6.25], "texture": "#1"}
			}
		},
		{
			"from": [-2.25, 0.75, 7.875],
			"to": [7.75, 1, 8.125],
			"rotation": {"angle": 0, "axis": "y", "origin": [8, 0.5, 8]},
			"faces": {
				"north": {"uv": [0.25, 0, 2.75, 0.25], "texture": "#1"},
				"east": {"uv": [7.5, 6.25, 7.75, 6.5], "texture": "#1"},
				"south": {"uv": [0.5, 0.25, 3, 0.5], "texture": "#1"},
				"west": {"uv": [7.5, 6.5, 7.75, 6.75], "texture": "#1"},
				"up": {"uv": [3.25, 0.75, 0.75, 0.5], "texture": "#1"},
				"down": {"uv": [3.5, 1, 1, 1.25], "texture": "#1"}
			}
		},
		{
			"from": [-2.25, 0.75, 7.875],
			"to": [7.75, 1, 8.125],
			"rotation": {"angle": 22.5, "axis": "y", "origin": [8, 0.5, 8]},
			"faces": {
				"north": {"uv": [1, 0.75, 3.5, 1], "texture": "#1"},
				"east": {"uv": [7.5, 6.75, 7.75, 7], "texture": "#1"},
				"south": {"uv": [1, 1.25, 3.5, 1.5], "texture": "#1"},
				"west": {"uv": [7.5, 7, 7.75, 7.25], "texture": "#1"},
				"up": {"uv": [3.5, 1.75, 1, 1.5], "texture": "#1"},
				"down": {"uv": [3.5, 1.75, 1, 2], "texture": "#1"}
			}
		},
		{
			"from": [-2.25, 0.75, 7.875],
			"to": [7.75, 1, 8.125],
			"rotation": {"angle": 45, "axis": "y", "origin": [8, 0.5, 8]},
			"faces": {
				"north": {"uv": [1, 2, 3.5, 2.25], "texture": "#1"},
				"east": {"uv": [7.5, 7.25, 7.75, 7.5], "texture": "#1"},
				"south": {"uv": [1, 2.25, 3.5, 2.5], "texture": "#1"},
				"west": {"uv": [0, 7.75, 0.25, 8], "texture": "#1"},
				"up": {"uv": [3.5, 2.75, 1, 2.5], "texture": "#1"},
				"down": {"uv": [3.5, 2.75, 1, 3], "texture": "#1"}
			}
		},
		{
			"from": [7.875, 0.75, 8.25],
			"to": [8.125, 1, 18.25],
			"rotation": {"angle": -22.5, "axis": "y", "origin": [8, 0.5, 8]},
			"faces": {
				"north": {"uv": [0.25, 7.75, 0.5, 8], "texture": "#1"},
				"east": {"uv": [2.75, 0, 5.25, 0.25], "texture": "#1"},
				"south": {"uv": [0.75, 7.75, 1, 8], "texture": "#1"},
				"west": {"uv": [1, 3, 3.5, 3.25], "texture": "#1"},
				"up": {"uv": [1.25, 5.75, 1, 3.25], "texture": "#1"},
				"down": {"uv": [1.5, 3.25, 1.25, 5.75], "texture": "#1"}
			}
		},
		{
			"from": [7.875, 0.75, 8.25],
			"to": [8.125, 1, 18.25],
			"rotation": {"angle": 0, "axis": "y", "origin": [8, 0.5, 8]},
			"faces": {
				"north": {"uv": [1, 7.75, 1.25, 8], "texture": "#1"},
				"east": {"uv": [3, 0.25, 5.5, 0.5], "texture": "#1"},
				"south": {"uv": [1.25, 7.75, 1.5, 8], "texture": "#1"},
				"west": {"uv": [1.5, 3.25, 4, 3.5], "texture": "#1"},
				"up": {"uv": [1.75, 6, 1.5, 3.5], "texture": "#1"},
				"down": {"uv": [2, 3.5, 1.75, 6], "texture": "#1"}
			}
		},
		{
			"from": [7.875, 0.75, 8.25],
			"to": [8.125, 1, 18.25],
			"rotation": {"angle": 22.5, "axis": "y", "origin": [8, 0.5, 8]},
			"faces": {
				"north": {"uv": [1.5, 7.75, 1.75, 8], "texture": "#1"},
				"east": {"uv": [3.25, 0.5, 5.75, 0.75], "texture": "#1"},
				"south": {"uv": [2.25, 7.75, 2.5, 8], "texture": "#1"},
				"west": {"uv": [2, 3.5, 4.5, 3.75], "texture": "#1"},
				"up": {"uv": [3.75, 3.25, 3.5, 0.75], "texture": "#1"},
				"down": {"uv": [2.25, 3.75, 2, 6.25], "texture": "#1"}
			}
		},
		{
			"from": [7.875, 0.75, 8.25],
			"to": [8.125, 1, 18.25],
			"rotation": {"angle": 45, "axis": "y", "origin": [8, 0.5, 8]},
			"faces": {
				"north": {"uv": [2.5, 7.75, 2.75, 8], "texture": "#1"},
				"east": {"uv": [2.25, 3.75, 4.75, 4], "texture": "#1"},
				"south": {"uv": [2.75, 7.75, 3, 8], "texture": "#1"},
				"west": {"uv": [3.75, 0.75, 6.25, 1], "texture": "#1"},
				"up": {"uv": [0.25, 6.5, 0, 4], "texture": "#1"},
				"down": {"uv": [2.5, 4, 2.25, 6.5], "texture": "#1"}
			}
		},
		{
			"from": [8.25, 0.75, 7.875],
			"to": [18.25, 1, 8.125],
			"rotation": {"angle": -22.5, "axis": "y", "origin": [8, 0.5, 8]},
			"faces": {
				"north": {"uv": [3.75, 1, 6.25, 1.25], "texture": "#1"},
				"east": {"uv": [3, 7.75, 3.25, 8], "texture": "#1"},
				"south": {"uv": [3.75, 1.25, 6.25, 1.5], "texture": "#1"},
				"west": {"uv": [4, 7.75, 4.25, 8], "texture": "#1"},
				"up": {"uv": [6.25, 1.75, 3.75, 1.5], "texture": "#1"},
				"down": {"uv": [6.25, 1.75, 3.75, 2], "texture": "#1"}
			}
		},
		{
			"from": [8.25, 0.75, 7.875],
			"to": [18.25, 1, 8.125],
			"rotation": {"angle": 0, "axis": "y", "origin": [8, 0.5, 8]},
			"faces": {
				"north": {"uv": [3.75, 2, 6.25, 2.25], "texture": "#1"},
				"east": {"uv": [4.25, 7.75, 4.5, 8], "texture": "#1"},
				"south": {"uv": [3.75, 2.25, 6.25, 2.5], "texture": "#1"},
				"west": {"uv": [4.5, 7.75, 4.75, 8], "texture": "#1"},
				"up": {"uv": [6.25, 2.75, 3.75, 2.5], "texture": "#1"},
				"down": {"uv": [6.25, 2.75, 3.75, 3], "texture": "#1"}
			}
		},
		{
			"from": [8.25, 0.75, 7.875],
			"to": [18.25, 1, 8.125],
			"rotation": {"angle": 22.5, "axis": "y", "origin": [8, 0.5, 8]},
			"faces": {
				"north": {"uv": [3.75, 3, 6.25, 3.25], "texture": "#1"},
				"east": {"uv": [4.75, 7.75, 5, 8], "texture": "#1"},
				"south": {"uv": [2.5, 4, 5, 4.25], "texture": "#1"},
				"west": {"uv": [5, 7.75, 5.25, 8], "texture": "#1"},
				"up": {"uv": [6.5, 3.5, 4, 3.25], "texture": "#1"},
				"down": {"uv": [5, 4.25, 2.5, 4.5], "texture": "#1"}
			}
		},
		{
			"from": [8.25, 0.75, 7.875],
			"to": [18.25, 1, 8.125],
			"rotation": {"angle": 45, "axis": "y", "origin": [8, 0.5, 8]},
			"faces": {
				"north": {"uv": [2.5, 4.5, 5, 4.75], "texture": "#1"},
				"east": {"uv": [5.25, 7.75, 5.5, 8], "texture": "#1"},
				"south": {"uv": [4.5, 3.5, 7, 3.75], "texture": "#1"},
				"west": {"uv": [5.5, 7.75, 5.75, 8], "texture": "#1"},
				"up": {"uv": [5, 5, 2.5, 4.75], "texture": "#1"},
				"down": {"uv": [7.25, 3.75, 4.75, 4], "texture": "#1"}
			}
		},
		{
			"from": [7.875, 0.75, -2.25],
			"to": [8.125, 1, 7.75],
			"rotation": {"angle": -22.5, "axis": "y", "origin": [8, 0.5, 8]},
			"faces": {
				"north": {"uv": [5.75, 7.75, 6, 8], "texture": "#1"},
				"east": {"uv": [2.5, 5, 5, 5.25], "texture": "#1"},
				"south": {"uv": [6.5, 7.75, 6.75, 8], "texture": "#1"},
				"west": {"uv": [5, 5, 7.5, 5.25], "texture": "#1"},
				"up": {"uv": [0.5, 6.75, 0.25, 4.25], "texture": "#1"},
				"down": {"uv": [0.75, 4.5, 0.5, 7], "texture": "#1"}
			}
		},
		{
			"from": [7.875, 0.75, -2.25],
			"to": [8.125, 1, 7.75],
			"rotation": {"angle": 0, "axis": "y", "origin": [8, 0.5, 8]},
			"faces": {
				"north": {"uv": [6.75, 7.75, 7, 8], "texture": "#1"},
				"east": {"uv": [5, 4, 7.5, 4.25], "texture": "#1"},
				"south": {"uv": [7, 7.75, 7.25, 8], "texture": "#1"},
				"west": {"uv": [5, 4.25, 7.5, 4.5], "texture": "#1"},
				"up": {"uv": [1, 7.25, 0.75, 4.75], "texture": "#1"},
				"down": {"uv": [2.75, 5.25, 2.5, 7.75], "texture": "#1"}
			}
		},
		{
			"from": [7.875, 0.75, -2.25],
			"to": [8.125, 1, 7.75],
			"rotation": {"angle": 22.5, "axis": "y", "origin": [8, 0.5, 8]},
			"faces": {
				"north": {"uv": [7.25, 7.75, 7.5, 8], "texture": "#1"},
				"east": {"uv": [5, 4.5, 7.5, 4.75], "texture": "#1"},
				"south": {"uv": [7.5, 7.75, 7.75, 8], "texture": "#1"},
				"west": {"uv": [5, 4.75, 7.5, 5], "texture": "#1"},
				"up": {"uv": [3, 7.75, 2.75, 5.25], "texture": "#1"},
				"down": {"uv": [3.25, 5.25, 3, 7.75], "texture": "#1"}
			}
		},
		{
			"from": [7.875, 0.75, -2.25],
			"to": [8.125, 1, 7.75],
			"rotation": {"angle": 45, "axis": "y", "origin": [8, 0.5, 8]},
			"faces": {
				"north": {"uv": [7.75, 7.75, 8, 8], "texture": "#1"},
				"east": {"uv": [3.25, 5.25, 5.75, 5.5], "texture": "#1"},
				"south": {"uv": [7.75, 0, 8, 0.25], "texture": "#1"},
				"west": {"uv": [5.25, 0, 7.75, 0.25], "texture": "#1"},
				"up": {"uv": [3.5, 8, 3.25, 5.5], "texture": "#1"},
				"down": {"uv": [3.75, 5.5, 3.5, 8], "texture": "#1"}
			}
		},
		{
			"from": [-2.25, 0.75, 7.875],
			"to": [7.75, 1, 8.125],
			"rotation": {"angle": -22.5, "axis": "y", "origin": [8, 0.5, 8]},
			"faces": {
				"north": {"uv": [3.75, 5.5, 6.25, 5.75], "texture": "#1"},
				"east": {"uv": [7.75, 3.25, 8, 3.5], "texture": "#1"},
				"south": {"uv": [5.5, 0.25, 8, 0.5], "texture": "#1"},
				"west": {"uv": [7.75, 4, 8, 4.25], "texture": "#1"},
				"up": {"uv": [6.25, 6, 3.75, 5.75], "texture": "#1"},
				"down": {"uv": [8.25, 0.5, 5.75, 0.75], "texture": "#1"}
			}
		},
		{
			"from": [-2.88415, -3.5, 7.9779],
			"to": [-2.32165, -1.75, 7.9879],
			"rotation": {"angle": 0, "axis": "y", "origin": [-2.6029, -2.625, 7.9779]},
			"faces": {
				"north": {"uv": [11.5, 5, 14, 10], "texture": "#1"},
				"east": {"uv": [0, 0, 0, 0.4375], "texture": "#1"},
				"south": {"uv": [11.5, 5, 14, 10], "texture": "#1"},
				"west": {"uv": [0, 0, 0, 0.4375], "texture": "#1"},
				"up": {"uv": [0, 0, 0.14063, 0], "texture": "#1"},
				"down": {"uv": [0, 0, 0.14063, 0], "texture": "#1"}
			}
		},
		{
			"from": [0.20038, -3.5, 15.42462],
			"to": [0.76288, -1.75, 15.43462],
			"rotation": {"angle": 0, "axis": "y", "origin": [7.875, -2, 8]},
			"faces": {
				"north": {"uv": [11.5, 5, 14, 10], "texture": "#1"},
				"east": {"uv": [0, 0, 0, 0.4375], "texture": "#1"},
				"south": {"uv": [11.5, 5, 14, 10], "texture": "#1"},
				"west": {"uv": [0, 0, 0, 0.4375], "texture": "#1"},
				"up": {"uv": [0, 0, 0, 0.14063], "rotation": 270, "texture": "#1"},
				"down": {"uv": [0, 0, 0, 0.14063], "rotation": 90, "texture": "#1"}
			}
		},
		{
			"from": [7.61585, -3.5, 18.4779],
			"to": [8.17835, -1.75, 18.4879],
			"rotation": {"angle": 0, "axis": "y", "origin": [7.8971, -2.625, 18.4779]},
			"faces": {
				"north": {"uv": [11.5, 5, 14, 10], "texture": "#1"},
				"east": {"uv": [0, 0, 0, 0.4375], "texture": "#1"},
				"south": {"uv": [11.5, 5, 14, 10], "texture": "#1"},
				"west": {"uv": [0, 0, 0, 0.4375], "texture": "#1"},
				"up": {"uv": [0, 0, 0, 0.14063], "rotation": 90, "texture": "#1"},
				"down": {"uv": [0, 0, 0, 0.14063], "rotation": 270, "texture": "#1"}
			}
		},
		{
			"from": [15.04962, -3.5, 15.42462],
			"to": [15.61212, -1.75, 15.43462],
			"rotation": {"angle": 0, "axis": "y", "origin": [7.875, -2, 8]},
			"faces": {
				"north": {"uv": [11.5, 5, 14, 10], "texture": "#1"},
				"east": {"uv": [0, 0, 0, 0.4375], "texture": "#1"},
				"south": {"uv": [11.5, 5, 14, 10], "texture": "#1"},
				"west": {"uv": [0, 0, 0, 0.4375], "texture": "#1"},
				"up": {"uv": [0, 0, 0.14063, 0], "rotation": 180, "texture": "#1"},
				"down": {"uv": [0, 0, 0.14063, 0], "rotation": 180, "texture": "#1"}
			}
		},
		{
			"from": [18.125, -3.5, 8],
			"to": [18.6875, -1.75, 8.01],
			"rotation": {"angle": 0, "axis": "y", "origin": [18.375, -2.25, 8]},
			"faces": {
				"north": {"uv": [11.5, 5, 14, 10], "texture": "#1"},
				"east": {"uv": [0.25, 0, 0.25, 0.4375], "texture": "#1"},
				"south": {"uv": [11.5, 5, 14, 10], "texture": "#1"},
				"west": {"uv": [0.25, 0, 0.25, 0.4375], "texture": "#1"},
				"up": {"uv": [0.25, 0, 0.39063, 0], "texture": "#1"},
				"down": {"uv": [0.25, 0, 0.39063, 0], "texture": "#1"}
			}
		},
		{
			"from": [15.04962, -3.5, 0.57538],
			"to": [15.61212, -1.75, 0.58538],
			"rotation": {"angle": 0, "axis": "y", "origin": [7.875, -2, 8]},
			"faces": {
				"north": {"uv": [11.5, 5, 14, 10], "texture": "#1"},
				"east": {"uv": [0.25, 0, 0.25, 0.4375], "texture": "#1"},
				"south": {"uv": [11.5, 5, 14, 10], "texture": "#1"},
				"west": {"uv": [0.25, 0, 0.25, 0.4375], "texture": "#1"},
				"up": {"uv": [0.25, 0, 0.39063, 0], "texture": "#1"},
				"down": {"uv": [0.25, 0, 0.39063, 0], "texture": "#1"}
			}
		},
		{
			"from": [7.61585, -3.5, -2.5221],
			"to": [8.17835, -1.75, -2.5121],
			"rotation": {"angle": 0, "axis": "y", "origin": [7.8971, -2.625, -2.5221]},
			"faces": {
				"north": {"uv": [11.5, 5, 14, 10], "texture": "#1"},
				"east": {"uv": [0.25, 0, 0.25, 0.4375], "texture": "#1"},
				"south": {"uv": [11.5, 5, 14, 10], "texture": "#1"},
				"west": {"uv": [0.25, 0, 0.25, 0.4375], "texture": "#1"},
				"up": {"uv": [0.25, 0, 0.39063, 0], "rotation": 180, "texture": "#1"},
				"down": {"uv": [0.25, 0, 0.39063, 0], "rotation": 180, "texture": "#1"}
			}
		},
		{
			"from": [0.20038, -3.5, 0.57538],
			"to": [0.76288, -1.75, 0.58538],
			"rotation": {"angle": 0, "axis": "y", "origin": [7.875, -2, 8]},
			"faces": {
				"north": {"uv": [11.5, 5, 14, 10], "texture": "#1"},
				"east": {"uv": [0.25, 0, 0.25, 0.4375], "texture": "#1"},
				"south": {"uv": [11.5, 5, 14, 10], "texture": "#1"},
				"west": {"uv": [0.25, 0, 0.25, 0.4375], "texture": "#1"},
				"up": {"uv": [0.25, 0, 0.25, 0.14063], "rotation": 270, "texture": "#1"},
				"down": {"uv": [0.25, 0, 0.25, 0.14063], "rotation": 90, "texture": "#1"}
			}
		}
	],
	"gui_light": "front",
	"display": {
		"thirdperson_righthand": {
			"rotation": [75, -3, 0],
			"translation": [0.25, 8.25, 33.75],
			"scale": [1.5, 1.5, 1.5]
		},
		"thirdperson_lefthand": {
			"rotation": [75, -3, 0],
			"translation": [0.25, 8.25, 33.75],
			"scale": [1.5, 1.5, 1.5]
		},
		"firstperson_righthand": {
			"rotation": [-1, 0, 0],
			"translation": [4.25, 18, 1.13],
			"scale": [0.68, 0.68, 0.68]
		},
		"firstperson_lefthand": {
			"rotation": [-1, 0, 0],
			"translation": [4.25, 18, 1.13],
			"scale": [0.68, 0.68, 0.68]
		},
		"ground": {
			"rotation": [25, 0, 0],
			"translation": [1, 15.75, 7.5],
			"scale": [0.8, 0.8, 0.8]
		},
		"gui": {
			"rotation": [-31, 72, 74],
			"translation": [-1.75, 5.75, 0],
			"scale": [0.7, 0.7, 0.7]
		},
		"head": {
			"rotation": [12, 0, 0],
			"translation": [9.75, 29, 3.25],
			"scale": [2.3, 2.3, 2.3]
		},
		"fixed": {
			"rotation": [33, 0, 0],
			"translation": [0, 13.75, -5.5]
		}
	}
}