{
	"credit": "Made with Blockbench",
	"texture_size": [64, 64],
	"textures": {
		"1": "items/hat",
		"particle": "items/hat"
	},
	"elements": [
		{
			"from": [-1.45179, 16.52654, -1.25],
			"to": [-0.95179, 18.52654, 17.25],
			"rotation": {"angle": 0, "axis": "z", "origin": [6.29821, 18.52654, -1.5]},
			"faces": {
				"west": {"uv": [6.5, 3.5, 11.125, 4], "texture": "#1"}
			}
		},
		{
			"from": [-1.45179, 16.52654, -1.25],
			"to": [12.79821, 18.52654, -1],
			"rotation": {"angle": 0, "axis": "z", "origin": [10.79821, 18.52654, -1.5]},
			"faces": {
				"north": {"uv": [10.5, 5, 13.5, 5.5], "texture": "#1"}
			}
		},
		{
			"from": [-1.45179, 16.52654, 17],
			"to": [12.79821, 18.52654, 17.25],
			"rotation": {"angle": 0, "axis": "z", "origin": [10.79821, 18.52654, -2.5]},
			"faces": {
				"south": {"uv": [10.5, 4.5, 13.5, 5], "texture": "#1"}
			}
		},
		{
			"from": [11.5, 14, -1.25],
			"to": [18.5, 16, -1],
			"rotation": {"angle": -22.5, "axis": "z", "origin": [18.5, 14, 8]},
			"faces": {
				"north": {"uv": [10.5, 7.5, 12.25, 8], "texture": "#1"}
			}
		},
		{
			"from": [11.5, 14, 17],
			"to": [18.5, 16, 17.25],
			"rotation": {"angle": -22.5, "axis": "z", "origin": [18.5, 14, 7]},
			"faces": {
				"south": {"uv": [10.5, 7, 12.25, 7.5], "texture": "#1"}
			}
		},
		{
			"from": [18.5, 14, -1.25],
			"to": [19.5, 16, 17.25],
			"rotation": {"angle": 0, "axis": "y", "origin": [2, 0, 0]},
			"faces": {
				"north": {"uv": [11, 1, 11.34375, 1.5], "texture": "#1"},
				"east": {"uv": [6.5, 4, 11.125, 4.5], "texture": "#1"},
				"south": {"uv": [11, 1.5, 11.34375, 2], "texture": "#1"}
			}
		},
		{
			"from": [14, 11, -1],
			"to": [19.75, 18, 17],
			"rotation": {"angle": -22.5, "axis": "z", "origin": [14, 18, 8]},
			"faces": {
				"north": {"uv": [4.5, 9.25, 5.9375, 11], "texture": "#1"},
				"east": {"uv": [6, 4.5, 10.5, 6.25], "texture": "#1"},
				"south": {"uv": [5.9375, 9.25, 4.5, 11], "texture": "#1"},
				"west": {"uv": [6, 6.25, 10.5, 8], "texture": "#1"},
				"up": {"uv": [7.4375, 12.5, 6, 8], "texture": "#1"},
				"down": {"uv": [8.9375, 8, 7.5, 12.5], "texture": "#1"}
			}
		},
		{
			"from": [12.5, 10.5, -1.5],
			"to": [17.5, 11.5, 17.5],
			"rotation": {"angle": -22.5, "axis": "z", "origin": [12.5, 11.5, 8]},
			"faces": {
				"north": {"uv": [11, 0.5, 12.25, 0.75], "texture": "#1"},
				"east": {"uv": [10.5, 5.5, 15.25, 5.75], "texture": "#1"},
				"south": {"uv": [11, 0.75, 12.25, 1], "texture": "#1"},
				"west": {"uv": [10.5, 5.75, 15.25, 6], "texture": "#1"},
				"up": {"uv": [10.25, 12.75, 9, 8], "texture": "#1"},
				"down": {"uv": [1.25, 9.25, 0, 14], "texture": "#1"}
			}
		},
		{
			"from": [-1.25, 10, -0.5],
			"to": [-0.75, 10.5, 16.5],
			"rotation": {"angle": 0, "axis": "y", "origin": [1, 0, 0]},
			"faces": {
				"north": {"uv": [1.75, 11, 1.875, 11.25], "texture": "#1"},
				"east": {"uv": [10.5, 6.5, 14.75, 6.75], "texture": "#1"},
				"south": {"uv": [2, 11, 2.125, 11.25], "texture": "#1"},
				"west": {"uv": [10.5, 6.75, 14.75, 7], "texture": "#1"},
				"up": {"uv": [1.375, 15.25, 1.25, 11], "texture": "#1"},
				"down": {"uv": [1.625, 11, 1.5, 15.25], "texture": "#1"}
			}
		},
		{
			"from": [-1.5, 10.5, -1.5],
			"to": [12.5, 11.5, 17.5],
			"rotation": {"angle": 0, "axis": "y", "origin": [1, 0, 0]},
			"faces": {
				"north": {"uv": [11, 0, 14, 0.25], "texture": "#1"},
				"east": {"uv": [10.5, 6, 15.25, 6.25], "texture": "#1"},
				"south": {"uv": [11, 0.25, 14, 0.5], "texture": "#1"},
				"west": {"uv": [10.5, 6.25, 15.25, 6.5], "texture": "#1"},
				"up": {"uv": [3, 9.25, 0, 4.5], "texture": "#1"},
				"down": {"uv": [6, 4.5, 3, 9.25], "texture": "#1"}
			}
		},
		{
			"from": [-1, 11, -1],
			"to": [14, 18, 17],
			"rotation": {"angle": 0, "axis": "y", "origin": [1, 0, 0]},
			"faces": {
				"north": {"uv": [1.25, 9.25, 4.5, 11], "texture": "#1"},
				"east": {"uv": [6.5, 0, 11, 1.75], "texture": "#1"},
				"south": {"uv": [4.5, 9.25, 1.25, 11], "texture": "#1"},
				"west": {"uv": [6.5, 1.75, 11, 3.5], "texture": "#1"},
				"up": {"uv": [3.25, 4.5, 0, 0], "texture": "#1"},
				"down": {"uv": [6.5, 0, 3.25, 4.5], "texture": "#1"}
			}
		}
	],
	"display": {
		"thirdperson_righthand": {
			"scale": [0.3, 0.3, 0.3]
		},
		"thirdperson_lefthand": {
			"scale": [0.3, 0.3, 0.3]
		},
		"firstperson_righthand": {
			"scale": [0.3, 0.3, 0.3]
		},
		"firstperson_lefthand": {
			"scale": [0.3, 0.3, 0.3]
		},
		"ground": {
			"scale": [0.3, 0.3, 0.3]
		},
		"head": {
			"rotation": [0, -90, 0],
			"translation": [0, 0.25, 0],
			"scale": [0.81, 0.81, 0.81]
		},
		"fixed": {
			"scale": [0.3, 0.3, 0.3]
		}
	}
}