{
	"credit": "Made with Blockbench",
	"textures": {
		"0": "items/cloth_dress",
		"particle": "items/cloth_dress"
	},
	"elements": [
		{
			"name": "main",
			"from": [2.25, -3.5, 8],
			"to": [14.75, 15, 8],
			"rotation": {"angle": 0, "axis": "y", "origin": [8.75, 3, 8]},
			"faces": {
				"north": {"uv": [0, 0, 6.5, 9.25], "texture": "#0", "tintindex": 0},
				"south": {"uv": [0, 0, 6.5, 9.25], "texture": "#0", "tintindex": 0}
			}
		},
		{
			"name": "main",
			"from": [2.25, -2.25, 7.99],
			"to": [14.75, 18.25, 8.01],
			"rotation": {"angle": 0, "axis": "y", "origin": [8.75, 3, 8]},
			"faces": {
				"north": {"uv": [6.75, 0, 13.25, 10.5], "texture": "#0"},
				"south": {"uv": [6.75, 0, 13.25, 10.5], "texture": "#0"}
			}
		}
	],
	"display": {
		"thirdperson_righthand": {
			"rotation": [72, 0, 0],
			"translation": [0, -2.25, -5.25],
			"scale": [0.7, 0.7, 0.7]
		},
		"thirdperson_lefthand": {
			"rotation": [72, 0, 0],
			"translation": [0, -2.25, -5.25],
			"scale": [0.7, 0.7, 0.7]
		},
		"ground": {
			"scale": [0.4, 0.4, 0.4]
		},
		"gui": {
			"translation": [-0.25, 0.25, 0],
			"scale": [0.7, 0.7, 0.7]
		},
		"fixed": {
			"rotation": [0, -90, 0],
			"scale": [1.5, 1.5, 1.5]
		}
	}
}