{
	"credit": "Made with Blockbench",
	"textures": {
		"0": "items/underwear",
		"particle": "items/underwear"
	},
	"elements": [
		{
			"from": [3, 7.5, 2],
			"to": [13, 11, 14],
			"rotation": {"angle": 0, "axis": "y", "origin": [8, 5, 8]},
			"faces": {
				"north": {"uv": [10, 10.75, 15, 12.5], "texture": "#0"},
				"east": {"uv": [10, 9, 16, 10.75], "texture": "#0"},
				"south": {"uv": [10, 10.75, 15, 12.5], "texture": "#0"},
				"west": {"uv": [10, 9, 16, 10.75], "texture": "#0"},
				"up": {"uv": [10, 4, 16, 9], "rotation": 90, "texture": "#0"}
			}
		},
		{
			"from": [3, 7.5, 8],
			"to": [13, 11, 8],
			"rotation": {"angle": 0, "axis": "y", "origin": [8, 5, 8]},
			"faces": {
				"north": {"uv": [10, 10.75, 15, 12.5], "texture": "#0"},
				"south": {"uv": [10, 10.75, 15, 12.5], "texture": "#0"},
				"up": {"uv": [10, 4, 16, 9], "rotation": 90, "texture": "#0"}
			}
		},
		{
			"from": [4, 11, 2],
			"to": [4, 17, 14],
			"rotation": {"angle": -45, "axis": "z", "origin": [4, 11, 8]},
			"faces": {
				"east": {"uv": [10, 1, 16, 4], "texture": "#0"},
				"west": {"uv": [10, 1, 16, 4], "texture": "#0"}
			}
		},
		{
			"from": [12, 11, 2],
			"to": [12, 17, 14],
			"rotation": {"angle": 45, "axis": "z", "origin": [12, 11, 8]},
			"faces": {
				"east": {"uv": [10, 1, 16, 4], "texture": "#0"},
				"west": {"uv": [10, 1, 16, 4], "texture": "#0"}
			}
		},
		{
			"from": [8, 15, 6.5],
			"to": [8, 18, 9.5],
			"rotation": {"angle": 0, "axis": "y", "origin": [8, 5, 8]},
			"faces": {
				"east": {"uv": [13.75, 0, 12.25, 1.5], "texture": "#0"},
				"west": {"uv": [12.25, 0, 13.75, 1.5], "texture": "#0"}
			}
		},
		{
			"name": "boxer",
			"from": [1, 2, 2.01],
			"to": [10, 8, 2.01],
			"rotation": {"angle": 0, "axis": "y", "origin": [8, 5, 8]},
			"faces": {
				"north": {"uv": [0, 0, 4.5, 3], "texture": "#0"},
				"south": {"uv": [0, 0, 4.5, 3], "texture": "#0"}
			}
		},
		{
			"name": "towl",
			"from": [3.5, -10, 8.01],
			"to": [12.5, 8.5, 8.01],
			"rotation": {"angle": 0, "axis": "y", "origin": [8, 5, 8]},
			"faces": {
				"north": {"uv": [4.75, 0, 9.25, 9.25], "texture": "#0"},
				"south": {"uv": [4.75, 0, 9.25, 9.25], "texture": "#0"}
			}
		},
		{
			"name": "panty",
			"from": [12.99, 4.5, 9.25],
			"to": [12.99, 7.75, 14.75],
			"rotation": {"angle": 0, "axis": "y", "origin": [8, 5, 8]},
			"faces": {
				"east": {"uv": [0, 3, 2.75, 4.625], "texture": "#0", "tintindex": 0},
				"west": {"uv": [0, 3, 2.75, 4.625], "texture": "#0", "tintindex": 0}
			}
		},
		{
			"name": "bra",
			"from": [8, -10.5, 13.99],
			"to": [12, 8, 13.99],
			"rotation": {"angle": 0, "axis": "y", "origin": [8, 5, 8]},
			"faces": {
				"north": {"uv": [2, 4.75, 0, 14], "texture": "#0", "tintindex": 0},
				"south": {"uv": [0, 4.75, 2, 14], "texture": "#0", "tintindex": 0}
			}
		}
	],
	"display": {
		"thirdperson_righthand": {
			"rotation": [72, 0, 0],
			"translation": [0, -2.25, -5.25],
			"scale": [0.7, 0.7, 0.7]
		},
		"thirdperson_lefthand": {
			"rotation": [72, 0, 0],
			"translation": [0, -2.25, -5.25],
			"scale": [0.7, 0.7, 0.7]
		},
		"ground": {
			"scale": [0.4, 0.4, 0.4]
		},
		"gui": {
			"rotation": [0, 47, 0],
			"translation": [-0.25, 2.25, 0],
			"scale": [0.5, 0.5, 0.5]
		},
		"fixed": {
			"rotation": [0, -90, 0],
			"scale": [1.5, 1.5, 1.5]
		}
	}
}