{"credit":"Made with Blockbench","texture_size":[32,32],"textures":{"1":"weapon/79"},"elements":[{"from":[7.25,0.25,0],"to":[8.75,0.75,4],"faces":{"north":{"uv":[6,4,5,4.5],"texture":"#1"},"east":{"uv":[5,2.5,3,3],"texture":"#1"},"south":{"uv":[6,4.5,5,5],"texture":"#1"},"west":{"uv":[4,1.5,2,2],"texture":"#1"},"up":{"uv":[3,5,4,3],"texture":"#1"},"down":{"uv":[4,4,5,6],"texture":"#1"}}},{"from":[6.75,0,4],"to":[9.25,1,5],"faces":{"north":{"uv":[5.5,1.5,4,2],"texture":"#1"},"east":{"uv":[4,5.5,3.5,6],"texture":"#1"},"south":{"uv":[5.5,3,4,3.5],"texture":"#1"},"west":{"uv":[3.5,5.5,3,6],"texture":"#1"},"up":{"uv":[4,4,5.5,3.5],"texture":"#1"},"down":{"uv":[5,5,6.5,5.5],"texture":"#1"}}},{"from":[7,0.25,5],"to":[9,0.75,17],"faces":{"north":{"uv":[4,5,3,5.5],"texture":"#1"},"east":{"uv":[7,0.5,1,1],"texture":"#1"},"south":{"uv":[6,2.5,5,3],"texture":"#1"},"west":{"uv":[7,0,1,0.5],"texture":"#1"},"up":{"uv":[0,6,1,0],"texture":"#1"},"down":{"uv":[1,1,2,7],"texture":"#1"}}},{"from":[9,0.375,5.75],"to":[10,0.625,17],"faces":{"north":{"uv":[5.5,5.5,5,6],"texture":"#1"},"east":{"uv":[7.5,1,2,1.5],"texture":"#1"},"south":{"uv":[6,5.5,5.5,6],"texture":"#1"},"west":{"uv":[7.5,2,2,2.5],"texture":"#1"},"up":{"uv":[2,8,2.5,2.5],"texture":"#1"},"down":{"uv":[2.5,2.5,3,8],"texture":"#1"}}},{"from":[9.5,0.5,5.75],"to":[12,0.51,17],"faces":{"north":{"uv":[5.75,14.75,0,16],"texture":"#1"},"east":{"uv":[5.75,14.75,0,16],"texture":"#1"},"south":{"uv":[5.75,14.75,0,16],"texture":"#1"},"west":{"uv":[5.75,14.75,0,16],"texture":"#1"},"up":{"uv":[11.5,0,9,10],"texture":"#1"},"down":{"uv":[11.5,0,9,10],"texture":"#1"}}}],"gui_light":"front","display":{"thirdperson_righthand":{"rotation":[-90,0,90],"translation":[-7,3.75,1.25],"scale":[0.8,0.8,0.8]},"thirdperson_lefthand":{"rotation":[-90,0,-90],"translation":[5,6.25,1.25],"scale":[0.8,0.8,0.8]},"firstperson_righthand":{"rotation":[-120,10,102],"translation":[-0.5,7.5,1],"scale":[0.6,0.6,0.6]},"firstperson_lefthand":{"rotation":[-120,10,-81],"translation":[7.25,5.5,1],"scale":[0.6,0.6,0.6]},"ground":{"translation":[0,5.5,0],"scale":[0.8,0.8,0.8]},"gui":{"rotation":[90,141,-180],"translation":[-0.5,-1.25,0],"scale":[0.7,0.7,0.7]},"head":{"rotation":[84,-60,0],"translation":[0,-21.25,12.75]},"fixed":{"rotation":[90,-180,-180],"translation":[0,0,-10]}}}