{"credit":"Made with Blockbench","texture_size":[32,32],"textures":{"1":"custom/151"},"elements":[{"from":[5.99491,6.6565,0.01316],"to":[9.99491,7.4065,1.76316],"rotation":{"angle":0,"axis":"y","origin":[7.9996,6.22092,1]},"faces":{"north":{"uv":[5,3,7,3.5],"texture":"#1"},"east":{"uv":[7.5,3.5,8.5,4],"texture":"#1"},"south":{"uv":[5,3.5,7,4],"texture":"#1"},"west":{"uv":[7.5,7,8.5,7.5],"texture":"#1"},"up":{"uv":[2,6,0,5],"texture":"#1"},"down":{"uv":[4,5,2,6],"texture":"#1"}}},{"from":[8.92634,7.38692,0.76316],"to":[9.67634,9.38692,1.76316],"rotation":{"angle":-22.5,"axis":"z","origin":[7.9996,6.22092,1]},"faces":{"north":{"uv":[6.5,2,7,3],"texture":"#1"},"east":{"uv":[1.5,8,2,9],"texture":"#1"},"south":{"uv":[2,8,2.5,9],"texture":"#1"},"west":{"uv":[2.5,8,3,9],"texture":"#1"},"up":{"uv":[6,5.5,5.5,5],"texture":"#1"},"down":{"uv":[10,9.5,9.5,10],"texture":"#1"}}},{"from":[9.67634,7.63692,1.01316],"to":[11.17634,9.63692,1.51316],"rotation":{"angle":-22.5,"axis":"z","origin":[8.7496,6.47092,1]},"faces":{"north":{"uv":[6,6,7,7],"texture":"#1"},"east":{"uv":[9,0,9.5,1],"texture":"#1"},"south":{"uv":[6.5,0,7.5,1],"texture":"#1"},"west":{"uv":[9,1,9.5,2],"texture":"#1"},"up":{"uv":[10,2.5,9,2],"texture":"#1"},"down":{"uv":[10,2.5,9,3],"texture":"#1"}}},{"from":[4.32366,7.63692,1.01316],"to":[4.82366,8.88692,1.51316],"rotation":{"angle":22.5,"axis":"z","origin":[7.2504,6.47092,1]},"faces":{"north":{"uv":[10,3.5,10.5,4],"texture":"#1"},"east":{"uv":[10,4,10.5,4.5],"texture":"#1"},"south":{"uv":[10,6.5,10.5,7],"texture":"#1"},"west":{"uv":[10,5,10.5,5.5],"texture":"#1"},"up":{"uv":[10.5,6,10,5.5],"texture":"#1"},"down":{"uv":[10.5,6,10,6.5],"texture":"#1"}}},{"from":[11.17634,7.63692,1.01316],"to":[11.67634,8.88692,1.51316],"rotation":{"angle":-22.5,"axis":"z","origin":[8.7496,6.47092,1]},"faces":{"north":{"uv":[10,6.5,10.5,7],"texture":"#1"},"east":{"uv":[10,7,10.5,7.5],"texture":"#1"},"south":{"uv":[10,3.5,10.5,4],"texture":"#1"},"west":{"uv":[10,8,10.5,8.5],"texture":"#1"},"up":{"uv":[10.5,9,10,8.5],"texture":"#1"},"down":{"uv":[10.5,9,10,9.5],"texture":"#1"}}},{"from":[4.82366,7.63692,1.01316],"to":[6.32366,9.63692,1.51316],"rotation":{"angle":22.5,"axis":"z","origin":[7.2504,6.47092,1]},"faces":{"north":{"uv":[6.5,0,7.5,1],"texture":"#1"},"east":{"uv":[9,6,9.5,7],"texture":"#1"},"south":{"uv":[6,6,7,7],"texture":"#1"},"west":{"uv":[5.5,9.5,6,10.5],"texture":"#1"},"up":{"uv":[10,3.5,9,3],"texture":"#1"},"down":{"uv":[10,7.5,9,8],"texture":"#1"}}},{"from":[6.3142,7.3905,0.76316],"to":[7.0642,9.3905,1.76316],"rotation":{"angle":22.5,"axis":"z","origin":[7.9996,6.22092,1]},"faces":{"north":{"uv":[1,9,1.5,10],"texture":"#1"},"east":{"uv":[1.5,9,2,10],"texture":"#1"},"south":{"uv":[2,9,2.5,10],"texture":"#1"},"west":{"uv":[2.5,9,3,10],"texture":"#1"},"up":{"uv":[3,10.5,2.5,10],"texture":"#1"},"down":{"uv":[3.5,10,3,10.5],"texture":"#1"}}},{"from":[7.64422,9.50057,0.76316],"to":[8.39422,11.00057,1.76316],"rotation":{"angle":-45,"axis":"z","origin":[7.9996,6.22092,1]},"faces":{"north":{"uv":[3,8,3.5,9],"texture":"#1"},"east":{"uv":[3.5,8,4,9],"texture":"#1"},"south":{"uv":[4,8,4.5,9],"texture":"#1"},"west":{"uv":[4.5,8,5,9],"texture":"#1"},"up":{"uv":[10,0.5,9.5,0],"texture":"#1"},"down":{"uv":[10,0.5,9.5,1],"texture":"#1"}}},{"from":[7.59835,9.5072,0.76316],"to":[8.34835,11.0072,1.76316],"rotation":{"angle":45,"axis":"z","origin":[7.9996,6.22092,1]},"faces":{"north":{"uv":[3,9,3.5,10],"texture":"#1"},"east":{"uv":[3.5,9,4,10],"texture":"#1"},"south":{"uv":[4,9,4.5,10],"texture":"#1"},"west":{"uv":[4.5,9,5,10],"texture":"#1"},"up":{"uv":[4,10.5,3.5,10],"texture":"#1"},"down":{"uv":[4.5,10,4,10.5],"texture":"#1"}}},{"from":[12.02925,5.0763,0.76316],"to":[12.77925,5.8263,1.76316],"rotation":{"angle":45,"axis":"z","origin":[7.9996,6.22092,1]},"faces":{"north":{"uv":[9.5,1,10,1.5],"texture":"#1"},"east":{"uv":[9.5,1.5,10,2],"texture":"#1"},"south":{"uv":[9.5,3.5,10,4],"texture":"#1"},"west":{"uv":[9.5,4,10,4.5],"texture":"#1"},"up":{"uv":[10,5,9.5,4.5],"texture":"#1"},"down":{"uv":[10,5,9.5,5.5],"texture":"#1"}}},{"from":[3.21332,5.06967,0.76316],"to":[3.96332,5.81967,1.76316],"rotation":{"angle":-45,"axis":"z","origin":[7.9996,6.22092,1]},"faces":{"north":{"uv":[4.5,10,5,10.5],"texture":"#1"},"east":{"uv":[5,10,5.5,10.5],"texture":"#1"},"south":{"uv":[6,10,6.5,10.5],"texture":"#1"},"west":{"uv":[6.5,10,7,10.5],"texture":"#1"},"up":{"uv":[7.5,10.5,7,10],"texture":"#1"},"down":{"uv":[8,10,7.5,10.5],"texture":"#1"}}},{"from":[12.10345,5.49252,0.76316],"to":[12.85345,6.99252,1.76316],"rotation":{"angle":22.5,"axis":"z","origin":[7.9996,6.22092,1]},"faces":{"north":{"uv":[5,8,5.5,9],"texture":"#1"},"east":{"uv":[7.5,8,8,9],"texture":"#1"},"south":{"uv":[8,8,8.5,9],"texture":"#1"},"west":{"uv":[8,4,8.5,5],"texture":"#1"},"up":{"uv":[10,6,9.5,5.5],"texture":"#1"},"down":{"uv":[10,6,9.5,6.5],"texture":"#1"}}},{"from":[3.13709,5.48893,0.76316],"to":[3.88709,6.98893,1.76316],"rotation":{"angle":-22.5,"axis":"z","origin":[7.9996,6.22092,1]},"faces":{"north":{"uv":[5,9,5.5,10],"texture":"#1"},"east":{"uv":[6,9,6.5,10],"texture":"#1"},"south":{"uv":[6.5,9,7,10],"texture":"#1"},"west":{"uv":[7,9,7.5,10],"texture":"#1"},"up":{"uv":[8.5,10.5,8,10],"texture":"#1"},"down":{"uv":[9,10,8.5,10.5],"texture":"#1"}}},{"from":[12.01272,3.40545,0.76316],"to":[12.76272,7.40545,1.76316],"rotation":{"angle":0,"axis":"z","origin":[7.9996,6.22092,1]},"faces":{"north":{"uv":[1.5,6,2,8],"texture":"#1"},"east":{"uv":[2,6,2.5,8],"texture":"#1"},"south":{"uv":[2.5,6,3,8],"texture":"#1"},"west":{"uv":[3,6,3.5,8],"texture":"#1"},"up":{"uv":[10,8.5,9.5,8],"texture":"#1"},"down":{"uv":[10,8.5,9.5,9],"texture":"#1"}}},{"from":[3.22711,3.40545,0.76316],"to":[4.01272,7.40545,1.76316],"rotation":{"angle":0,"axis":"z","origin":[7.9996,6.22092,1]},"faces":{"north":{"uv":[3.5,6,4,8],"texture":"#1"},"east":{"uv":[4,6,4.5,8],"texture":"#1"},"south":{"uv":[4.5,6,5,8],"texture":"#1"},"west":{"uv":[5,6,5.5,8],"texture":"#1"},"up":{"uv":[9.5,10.5,9,10],"texture":"#1"},"down":{"uv":[10,10,9.5,10.5],"texture":"#1"}}},{"from":[12.01272,3.15545,0.01316],"to":[12.76272,5.40545,0.76316],"rotation":{"angle":0,"axis":"z","origin":[7.9996,6.22092,1]},"faces":{"north":{"uv":[5.5,8.5,6,9.5],"texture":"#1"},"east":{"uv":[8.5,6,9,7],"texture":"#1"},"south":{"uv":[0,9,0.5,10],"texture":"#1"},"west":{"uv":[0.5,9,1,10],"texture":"#1"},"up":{"uv":[1,10.5,0.5,10],"texture":"#1"},"down":{"uv":[1.5,10,1,10.5],"texture":"#1"}}},{"from":[3.26272,3.15545,0.01316],"to":[4.01272,5.40545,0.76316],"rotation":{"angle":0,"axis":"z","origin":[7.9996,6.22092,1]},"faces":{"north":{"uv":[7.5,9,8,10],"texture":"#1"},"east":{"uv":[8,9,8.5,10],"texture":"#1"},"south":{"uv":[8.5,9,9,10],"texture":"#1"},"west":{"uv":[9,9,9.5,10],"texture":"#1"},"up":{"uv":[10.5,10.5,10,10],"texture":"#1"},"down":{"uv":[10.5,0,10,0.5],"texture":"#1"}}},{"from":[4.01272,2.40545,0.01316],"to":[12.01272,6.65545,1.76316],"rotation":{"angle":0,"axis":"z","origin":[7.9996,6.22092,1]},"faces":{"north":{"uv":[0,0,4,2],"texture":"#1"},"east":{"uv":[4,0,5,2],"texture":"#1"},"south":{"uv":[0,2,4,4],"texture":"#1"},"west":{"uv":[4,2,5,4],"texture":"#1"},"up":{"uv":[4,5,0,4],"texture":"#1"},"down":{"uv":[8,4,4,5],"texture":"#1"}}},{"from":[9.01272,2.53045,-0.04934],"to":[12.51272,5.28045,-0.03934],"rotation":{"angle":-22.5,"axis":"z","origin":[10.88772,3.65545,-0.04434]},"faces":{"north":{"uv":[6.75,11.5,0.5,16],"texture":"#1"},"east":{"uv":[15,0,16,2],"texture":"#1"},"south":{"uv":[0.5,11.5,6.75,16],"texture":"#1"},"west":{"uv":[15,0,16,2],"texture":"#1"},"up":{"uv":[15,0,16,2],"texture":"#1"},"down":{"uv":[15,0,16,2],"texture":"#1"}}},{"from":[3.48728,2.53045,-0.04934],"to":[6.98728,5.28045,-0.03934],"rotation":{"angle":22.5,"axis":"z","origin":[5.11228,3.65545,-0.04434]},"faces":{"north":{"uv":[0.5,11.5,6.75,16],"texture":"#1"},"east":{"uv":[15,0,16,2],"texture":"#1"},"south":{"uv":[6.75,11.5,0.5,16],"texture":"#1"},"west":{"uv":[15,0,16,2],"texture":"#1"},"up":{"uv":[15,0,16,2],"texture":"#1"},"down":{"uv":[15,0,16,2],"texture":"#1"}}},{"from":[9.01272,1.90545,0.01316],"to":[11.51272,2.40545,1.76316],"rotation":{"angle":0,"axis":"z","origin":[7.9996,6.22092,1]},"faces":{"north":{"uv":[7.5,7.5,9,8],"texture":"#1"},"east":{"uv":[8.5,5,9.5,5.5],"texture":"#1"},"south":{"uv":[7.5,0,9,0.5],"texture":"#1"},"west":{"uv":[8.5,5.5,9.5,6],"texture":"#1"},"up":{"uv":[5.5,6,4,5],"texture":"#1"},"down":{"uv":[6.5,0,5,1],"texture":"#1"}}},{"from":[4.47711,1.90545,0.01316],"to":[6.97711,2.40545,1.76316],"rotation":{"angle":0,"axis":"z","origin":[7.9996,6.22092,1]},"faces":{"north":{"uv":[7.5,2.5,9,3],"texture":"#1"},"east":{"uv":[8.5,7,9.5,7.5],"texture":"#1"},"south":{"uv":[7.5,3,9,3.5],"texture":"#1"},"west":{"uv":[8.5,8,9.5,8.5],"texture":"#1"},"up":{"uv":[6.5,2,5,1],"texture":"#1"},"down":{"uv":[6.5,2,5,3],"texture":"#1"}}},{"from":[7.01272,2.65545,-0.98684],"to":[9.01272,3.90545,0.01316],"rotation":{"angle":0,"axis":"z","origin":[7.9996,6.22092,1]},"faces":{"north":{"uv":[8.5,8.5,9.5,9],"texture":"#1"},"east":{"uv":[9.5,9,10,9.5],"texture":"#1"},"south":{"uv":[8.5,3.5,9.5,4],"texture":"#1"},"west":{"uv":[0,10,0.5,10.5],"texture":"#1"},"up":{"uv":[9.5,4.5,8.5,4],"texture":"#1"},"down":{"uv":[9.5,4.5,8.5,5],"texture":"#1"}}},{"from":[7.26272,2.65545,-1.04934],"to":[8.76272,3.90545,-1.03934],"rotation":{"angle":0,"axis":"z","origin":[7.9996,6.22092,1]},"faces":{"north":{"uv":[13.25,14.25,15,16],"texture":"#1"},"east":{"uv":[15,0,16,2],"texture":"#1"},"south":{"uv":[15,14.25,13.25,16],"texture":"#1"},"west":{"uv":[15,0,16,2],"texture":"#1"},"up":{"uv":[15,0,16,2],"texture":"#1"},"down":{"uv":[15,0,16,2],"texture":"#1"}}},{"from":[7.01272,4.90545,-0.04934],"to":[9.01272,7.15545,-0.03934],"rotation":{"angle":0,"axis":"z","origin":[7.9996,9.47092,2]},"faces":{"north":{"uv":[7.5,11.25,12.5,16],"texture":"#1"},"east":{"uv":[15,0,16,2],"texture":"#1"},"south":{"uv":[7.5,11.25,12.5,16],"texture":"#1"},"west":{"uv":[15,0,16,2],"texture":"#1"},"up":{"uv":[15,0,16,2],"texture":"#1"},"down":{"uv":[15,0,16,2],"texture":"#1"}}},{"from":[9.01272,2.90545,-0.48684],"to":[9.26272,3.65545,0.01316],"rotation":{"angle":0,"axis":"z","origin":[8.4996,6.22092,1]},"faces":{"north":{"uv":[10.5,10.5,11,11],"texture":"#1"},"east":{"uv":[10.5,0,11,0.5],"texture":"#1"},"south":{"uv":[10.5,0.5,11,1],"texture":"#1"},"west":{"uv":[10.5,1,11,1.5],"texture":"#1"},"up":{"uv":[11,2,10.5,1.5],"texture":"#1"},"down":{"uv":[11,2,10.5,2.5],"texture":"#1"}}},{"from":[6.76272,2.90545,-0.48684],"to":[7.01272,3.65545,0.01316],"rotation":{"angle":0,"axis":"z","origin":[6.2496,6.22092,1]},"faces":{"north":{"uv":[10.5,2.5,11,3],"texture":"#1"},"east":{"uv":[10.5,3,11,3.5],"texture":"#1"},"south":{"uv":[10.5,3.5,11,4],"texture":"#1"},"west":{"uv":[10.5,4,11,4.5],"texture":"#1"},"up":{"uv":[11,5,10.5,4.5],"texture":"#1"},"down":{"uv":[11,5,10.5,5.5],"texture":"#1"}}},{"from":[7.51272,3.90545,-0.48684],"to":[8.51272,4.15545,0.01316],"rotation":{"angle":0,"axis":"z","origin":[7.9996,7.47092,1]},"faces":{"north":{"uv":[10,0.5,10.5,1],"texture":"#1"},"east":{"uv":[10,1,10.5,1.5],"texture":"#1"},"south":{"uv":[10,1.5,10.5,2],"texture":"#1"},"west":{"uv":[10,2,10.5,2.5],"texture":"#1"},"up":{"uv":[10.5,3,10,2.5],"texture":"#1"},"down":{"uv":[10.5,3,10,3.5],"texture":"#1"}}},{"from":[9.67634,7.35925,0.76316],"to":[11.54863,8.19942,1.76316],"rotation":{"angle":-22.5,"axis":"z","origin":[7.9996,6.22092,1]},"faces":{"north":{"uv":[7,5,8.5,5.5],"texture":"#1"},"east":{"uv":[9.5,6.5,10,7],"texture":"#1"},"south":{"uv":[7,5.5,8.5,6],"texture":"#1"},"west":{"uv":[9.5,7,10,7.5],"texture":"#1"},"up":{"uv":[8.5,6.5,7,6],"texture":"#1"},"down":{"uv":[8.5,6.5,7,7],"texture":"#1"}}},{"from":[4.44191,7.36284,0.76316],"to":[6.3142,8.203,1.76316],"rotation":{"angle":22.5,"axis":"z","origin":[7.9996,6.22092,1]},"faces":{"north":{"uv":[7.5,0.5,9,1],"texture":"#1"},"east":{"uv":[1.5,10,2,10.5],"texture":"#1"},"south":{"uv":[7.5,1,9,1.5],"texture":"#1"},"west":{"uv":[2,10,2.5,10.5],"texture":"#1"},"up":{"uv":[9,2,7.5,1.5],"texture":"#1"},"down":{"uv":[9,2,7.5,2.5],"texture":"#1"}}},{"from":[12.50353,5.70078,0.25],"to":[13.50353,6.70078,1.25],"rotation":{"angle":45,"axis":"z","origin":[13.00353,6.20078,0.75]},"faces":{"north":{"uv":[12,8,14,10],"rotation":270,"texture":"#1"},"east":{"uv":[0,10.5,0.5,11],"texture":"#1"},"south":{"uv":[12,8,14,10],"texture":"#1"},"west":{"uv":[1,10.5,1.5,11],"texture":"#1"},"up":{"uv":[2,11,1.5,10.5],"texture":"#1"},"down":{"uv":[2.5,10.5,2,11],"texture":"#1"}}},{"from":[2.49647,5.70078,0.25],"to":[3.49647,6.70078,1.25],"rotation":{"angle":-45,"axis":"z","origin":[2.99647,6.20078,0.75]},"faces":{"north":{"uv":[12,10,14,8],"rotation":270,"texture":"#1"},"east":{"uv":[1.5,10.5,1,11],"texture":"#1"},"south":{"uv":[14,8,12,10],"texture":"#1"},"west":{"uv":[0.5,10.5,0,11],"texture":"#1"},"up":{"uv":[1.5,11,2,10.5],"texture":"#1"},"down":{"uv":[2,10.5,2.5,11],"texture":"#1"}}},{"from":[12.75353,0.95078,0.5],"to":[13.25353,1.45078,1],"rotation":{"angle":45,"axis":"z","origin":[13.00353,1.20078,0.75]},"faces":{"north":{"uv":[3.5,10.5,4,11],"texture":"#1"},"east":{"uv":[4,10.5,4.5,11],"texture":"#1"},"south":{"uv":[4.5,10.5,5,11],"texture":"#1"},"west":{"uv":[5,10.5,5.5,11],"texture":"#1"},"up":{"uv":[6,11,5.5,10.5],"texture":"#1"},"down":{"uv":[6.5,10.5,6,11],"texture":"#1"}}},{"from":[2.74647,0.95078,0.5],"to":[3.24647,1.45078,1],"rotation":{"angle":-45,"axis":"z","origin":[2.99647,1.20078,0.75]},"faces":{"north":{"uv":[4,10.5,3.5,11],"texture":"#1"},"east":{"uv":[5.5,10.5,5,11],"texture":"#1"},"south":{"uv":[5,10.5,4.5,11],"texture":"#1"},"west":{"uv":[4.5,10.5,4,11],"texture":"#1"},"up":{"uv":[5.5,11,6,10.5],"texture":"#1"},"down":{"uv":[6,10.5,6.5,11],"texture":"#1"}}},{"from":[12.50353,-0.04922,0.375],"to":[13.25353,0.70078,1.125],"rotation":{"angle":45,"axis":"z","origin":[13.00353,0.45078,0.75]},"faces":{"north":{"uv":[12,8,14,10],"rotation":270,"texture":"#1"},"east":{"uv":[7,10.5,7.5,11],"texture":"#1"},"south":{"uv":[12,8,14,10],"texture":"#1"},"west":{"uv":[8,10.5,8.5,11],"texture":"#1"},"up":{"uv":[9,11,8.5,10.5],"texture":"#1"},"down":{"uv":[9.5,10.5,9,11],"texture":"#1"}}},{"from":[2.74647,-0.04922,0.375],"to":[3.49647,0.70078,1.125],"rotation":{"angle":-45,"axis":"z","origin":[2.99647,0.45078,0.75]},"faces":{"north":{"uv":[12,10,14,8],"rotation":270,"texture":"#1"},"east":{"uv":[8.5,10.5,8,11],"texture":"#1"},"south":{"uv":[14,8,12,10],"texture":"#1"},"west":{"uv":[7.5,10.5,7,11],"texture":"#1"},"up":{"uv":[8.5,11,9,10.5],"texture":"#1"},"down":{"uv":[9,10.5,9.5,11],"texture":"#1"}}},{"from":[12.37853,-3.976,0.6875],"to":[13.62853,-0.226,0.8125],"rotation":{"angle":0,"axis":"z","origin":[13.00353,-0.601,0.75]},"faces":{"north":{"uv":[14,8,16,13.25],"texture":"#1"},"east":{"uv":[14,8,14.5,13.25],"texture":"#1"},"south":{"uv":[14,8,16,13.25],"texture":"#1"},"west":{"uv":[14,8,14.5,13.25],"texture":"#1"},"up":{"uv":[10,11,9.5,10.5],"texture":"#1"},"down":{"uv":[10.5,10.5,10,11],"texture":"#1"}}},{"from":[2.37147,-3.976,0.6875],"to":[3.62147,-0.226,0.8125],"rotation":{"angle":0,"axis":"z","origin":[2.99647,-0.601,0.75]},"faces":{"north":{"uv":[16,8,14,13.25],"texture":"#1"},"east":{"uv":[14.5,8,14,13.25],"texture":"#1"},"south":{"uv":[16,8,14,13.25],"texture":"#1"},"west":{"uv":[14.5,8,14,13.25],"texture":"#1"},"up":{"uv":[9.5,11,10,10.5],"texture":"#1"},"down":{"uv":[10,10.5,10.5,11],"texture":"#1"}}},{"from":[12.94103,0.70078,0.6875],"to":[13.06603,6.70078,0.8125],"rotation":{"angle":0,"axis":"z","origin":[13.00353,6.20078,0.75]},"faces":{"north":{"uv":[5.5,5.5,6,8.5],"texture":"#1"},"east":{"uv":[0,6,0.5,9],"texture":"#1"},"south":{"uv":[0.5,6,1,9],"texture":"#1"},"west":{"uv":[1,6,1.5,9],"texture":"#1"},"up":{"uv":[3,11,2.5,10.5],"texture":"#1"},"down":{"uv":[3.5,10.5,3,11],"texture":"#1"}}},{"from":[2.93397,0.70078,0.6875],"to":[3.05897,6.70078,0.8125],"rotation":{"angle":0,"axis":"z","origin":[2.99647,6.20078,0.75]},"faces":{"north":{"uv":[6,5.5,5.5,8.5],"texture":"#1"},"east":{"uv":[1.5,6,1,9],"texture":"#1"},"south":{"uv":[1,6,0.5,9],"texture":"#1"},"west":{"uv":[0.5,6,0,9],"texture":"#1"},"up":{"uv":[2.5,11,3,10.5],"texture":"#1"},"down":{"uv":[3,10.5,3.5,11],"texture":"#1"}}}],"gui_light":"front","display":{"thirdperson_righthand":{"rotation":[60,0,0],"translation":[0,-0.75,2.5],"scale":[0.3,0.3,0.3]},"thirdperson_lefthand":{"rotation":[60,0,0],"translation":[0,-0.75,2.5],"scale":[0.3,0.3,0.3]},"firstperson_righthand":{"translation":[1.13,3.2,3.25],"scale":[0.3,0.3,0.3]},"firstperson_lefthand":{"translation":[1.13,3.2,3.25],"scale":[0.3,0.3,0.3]},"ground":{"translation":[0,2,0],"scale":[0.3,0.3,0.3]},"gui":{"rotation":[0,-180,0],"translation":[0,5.25,0]},"head":{"translation":[0,4.75,3.5],"scale":[1.4,1.6,1.6]},"fixed":{"translation":[0,4.25,3]}}}