{
    "variants": {
        "coffeetable=false,facing=south": { "model": "cocricotmod:book_antique", "y": 180 },
        "coffeetable=false,facing=west": { "model": "cocricotmod:book_antique", "y": 270 },
        "coffeetable=false,facing=north": { "model": "cocricotmod:book_antique" },
        "coffeetable=false,facing=east": { "model": "cocricotmod:book_antique", "y": 90 },
        "coffeetable=true,facing=south": { "model": "cocricotmod:book_antique_table", "y": 180 },
        "coffeetable=true,facing=west": { "model": "cocricotmod:book_antique_table", "y": 270 },
        "coffeetable=true,facing=north": { "model": "cocricotmod:book_antique_table" },
        "coffeetable=true,facing=east": { "model": "cocricotmod:book_antique_table", "y": 90 }
    }
}
