{
	"credit": "Made by MGM_Choco",
	"texture_size": [128, 128],
	"textures": {
		"0": "blocks/black_glazed_terracotta",
		"particle": "blocks/black_glazed_terracotta"
	},
	"elements": [
		{
			"from": [5.25, 4.5, 2.75],
			"to": [10.75, 9, 11.25],
			"rotation": {"angle": 0, "axis": "y", "origin": [0.25, 7.75, 2.25]},
			"faces": {
				"north": {"uv": [7.625, 8, 8.375, 8.625], "texture": "#0"},
				"east": {"uv": [1.5, 7.625, 2.625, 8.25], "texture": "#0"},
				"south": {"uv": [0, 8.125, 0.75, 8.75], "texture": "#0"},
				"west": {"uv": [4, 7.75, 5.125, 8.375], "texture": "#0"},
				"up": {"uv": [7.875, 3.875, 7.125, 2.75], "texture": "#0"},
				"down": {"uv": [4, 7.375, 3.25, 8.5], "texture": "#0"}
			}
		},
		{
			"from": [5.25, 0, 2.75],
			"to": [10.75, 1, 6.25],
			"rotation": {"angle": 0, "axis": "y", "origin": [0.25, 7.25, 2.25]},
			"faces": {
				"north": {"uv": [7.125, 3.875, 7.875, 4], "texture": "#0"},
				"east": {"uv": [10.5, 0.375, 11, 0.5], "texture": "#0"},
				"south": {"uv": [10.25, 5.25, 11, 5.375], "texture": "#0"},
				"west": {"uv": [10.5, 8.5, 11, 8.625], "texture": "#0"},
				"up": {"uv": [9.625, 2.25, 8.875, 1.75], "texture": "#0"},
				"down": {"uv": [9.625, 2.25, 8.875, 2.75], "texture": "#0"}
			}
		},
		{
			"from": [5.25, 0, 6.25],
			"to": [10.75, 4.5, 11.25],
			"rotation": {"angle": 0, "axis": "y", "origin": [0.25, 7.25, -0.25]},
			"faces": {
				"north": {"uv": [8.125, 0, 8.875, 0.625], "texture": "#0"},
				"east": {"uv": [8.875, 0.5, 9.5, 1.125], "texture": "#0"},
				"south": {"uv": [8.125, 0.625, 8.875, 1.25], "texture": "#0"},
				"west": {"uv": [8.875, 1.125, 9.5, 1.75], "texture": "#0"},
				"up": {"uv": [1.5, 8.75, 0.75, 8.125], "texture": "#0"},
				"down": {"uv": [2.25, 8.25, 1.5, 8.875], "texture": "#0"}
			}
		},
		{
			"from": [10.75, 0, 2.75],
			"to": [14.75, 9, 11.25],
			"rotation": {"angle": 0, "axis": "y", "origin": [1.25, 7.75, 2.25]},
			"faces": {
				"north": {"uv": [5.625, 8, 6.125, 9.125], "texture": "#0"},
				"east": {"uv": [3.25, 6.25, 4.375, 7.375], "texture": "#0"},
				"south": {"uv": [6.125, 8, 6.625, 9.125], "texture": "#0"},
				"west": {"uv": [5.375, 6.25, 6.5, 7.375], "texture": "#0"},
				"up": {"uv": [7.125, 9.125, 6.625, 8], "texture": "#0"},
				"down": {"uv": [7.625, 8, 7.125, 9.125], "texture": "#0"}
			}
		},
		{
			"from": [1.25, 0, 2.75],
			"to": [5.25, 9, 11.25],
			"rotation": {"angle": 0, "axis": "y", "origin": [1.25, 7.75, 2.25]},
			"faces": {
				"north": {"uv": [2.625, 7.625, 3.125, 8.75], "texture": "#0"},
				"east": {"uv": [5.375, 4, 6.5, 5.125], "texture": "#0"},
				"south": {"uv": [7.875, 2.75, 8.375, 3.875], "texture": "#0"},
				"west": {"uv": [5.375, 5.125, 6.5, 6.25], "texture": "#0"},
				"up": {"uv": [8.375, 5, 7.875, 3.875], "texture": "#0"},
				"down": {"uv": [5.625, 8, 5.125, 9.125], "texture": "#0"}
			}
		},
		{
			"from": [1.75683, 28, 11.25],
			"to": [14.24317, 28.50683, 12.25],
			"rotation": {"angle": 0, "axis": "y", "origin": [1.25, 7.75, 10.75]},
			"faces": {
				"north": {"uv": [0, 8.75, 1.5, 8.875], "texture": "#0"},
				"east": {"uv": [10.375, 11, 10.5, 11.125], "texture": "#0"},
				"south": {"uv": [9.625, 4.875, 11.125, 5], "texture": "#0"},
				"west": {"uv": [10.5, 11, 10.625, 11.125], "texture": "#0"},
				"up": {"uv": [10.375, 9.75, 8.875, 9.625], "texture": "#0"},
				"down": {"uv": [11.125, 9, 9.625, 9.125], "texture": "#0"}
			}
		},
		{
			"from": [1.25, 0, 11.25],
			"to": [14.74317, 28, 12.25],
			"rotation": {"angle": 0, "axis": "y", "origin": [1.25, 6.25, 10.75]},
			"faces": {
				"north": {"uv": [0, 0, 1.625, 3.5], "texture": "#0"},
				"east": {"uv": [2.75, 8.75, 2.875, 12.25], "texture": "#0"},
				"south": {"uv": [1.625, 0, 3.25, 3.5], "texture": "#0"},
				"west": {"uv": [2.875, 8.75, 3, 12.25], "texture": "#0"},
				"up": {"uv": [11.25, 2.375, 9.625, 2.25], "texture": "#0"},
				"down": {"uv": [11.25, 2.375, 9.625, 2.5], "texture": "#0"}
			}
		},
		{
			"from": [0.75, 0, 11.25],
			"to": [1.25, 27.5, 12.25],
			"rotation": {"angle": 0, "axis": "y", "origin": [1.25, 8.75, 10.75]},
			"faces": {
				"north": {"uv": [2.5, 8.25, 2.625, 11.75], "texture": "#0"},
				"east": {"uv": [5, 8.375, 5.125, 11.875], "texture": "#0"},
				"south": {"uv": [3.75, 8.5, 3.875, 12], "texture": "#0"},
				"west": {"uv": [3.875, 8.5, 4, 12], "texture": "#0"},
				"up": {"uv": [11.25, 1, 11.125, 0.875], "texture": "#0"},
				"down": {"uv": [11.25, 1, 11.125, 1.125], "texture": "#0"}
			}
		},
		{
			"from": [0.82664, 27.3853, 11.25],
			"to": [1.32664, 27.8853, 12.25],
			"rotation": {"angle": -22.5, "axis": "z", "origin": [1.07664, 27.6353, 11.75]},
			"faces": {
				"north": {"uv": [11.125, 1.125, 11.25, 1.25], "texture": "#0"},
				"east": {"uv": [11.125, 1.25, 11.25, 1.375], "texture": "#0"},
				"south": {"uv": [11.125, 1.375, 11.25, 1.5], "texture": "#0"},
				"west": {"uv": [11.125, 1.5, 11.25, 1.625], "texture": "#0"},
				"up": {"uv": [11.25, 1.75, 11.125, 1.625], "texture": "#0"},
				"down": {"uv": [11.25, 3, 11.125, 3.125], "texture": "#0"}
			}
		},
		{
			"from": [1.0449, 27.71194, 11.25],
			"to": [1.5449, 28.21194, 12.25],
			"rotation": {"angle": -45, "axis": "z", "origin": [1.2949, 27.96194, 11.75]},
			"faces": {
				"north": {"uv": [11.125, 3.125, 11.25, 3.25], "texture": "#0"},
				"east": {"uv": [3.25, 11.125, 3.375, 11.25], "texture": "#0"},
				"south": {"uv": [3.375, 11.125, 3.5, 11.25], "texture": "#0"},
				"west": {"uv": [3.5, 11.125, 3.625, 11.25], "texture": "#0"},
				"up": {"uv": [11.25, 4.125, 11.125, 4], "texture": "#0"},
				"down": {"uv": [11.25, 4.125, 11.125, 4.25], "texture": "#0"}
			}
		},
		{
			"from": [1.37154, 27.93019, 11.25],
			"to": [1.87154, 28.43019, 12.25],
			"rotation": {"angle": 22.5, "axis": "z", "origin": [1.62154, 28.18019, 11.75]},
			"faces": {
				"north": {"uv": [4.25, 11.125, 4.375, 11.25], "texture": "#0"},
				"east": {"uv": [11.125, 4.25, 11.25, 4.375], "texture": "#0"},
				"south": {"uv": [4.375, 11.125, 4.5, 11.25], "texture": "#0"},
				"west": {"uv": [11.125, 4.375, 11.25, 4.5], "texture": "#0"},
				"up": {"uv": [4.625, 11.25, 4.5, 11.125], "texture": "#0"},
				"down": {"uv": [11.25, 4.5, 11.125, 4.625], "texture": "#0"}
			}
		},
		{
			"from": [14.12846, 27.93019, 11.25],
			"to": [14.62846, 28.43019, 12.25],
			"rotation": {"angle": -22.5, "axis": "z", "origin": [14.37846, 28.18019, 11.75]},
			"faces": {
				"north": {"uv": [11.125, 5.625, 11.25, 5.75], "texture": "#0"},
				"east": {"uv": [5.75, 11.125, 5.875, 11.25], "texture": "#0"},
				"south": {"uv": [11.125, 5.75, 11.25, 5.875], "texture": "#0"},
				"west": {"uv": [5.875, 11.125, 6, 11.25], "texture": "#0"},
				"up": {"uv": [6.125, 11.25, 6, 11.125], "texture": "#0"},
				"down": {"uv": [6.25, 11.125, 6.125, 11.25], "texture": "#0"}
			}
		},
		{
			"from": [14.4551, 27.71194, 11.25],
			"to": [14.9551, 28.21194, 12.25],
			"rotation": {"angle": 45, "axis": "z", "origin": [14.7051, 27.96194, 11.75]},
			"faces": {
				"north": {"uv": [11.125, 5.25, 11.25, 5.375], "texture": "#0"},
				"east": {"uv": [5.375, 11.125, 5.5, 11.25], "texture": "#0"},
				"south": {"uv": [11.125, 5.375, 11.25, 5.5], "texture": "#0"},
				"west": {"uv": [5.5, 11.125, 5.625, 11.25], "texture": "#0"},
				"up": {"uv": [11.25, 5.625, 11.125, 5.5], "texture": "#0"},
				"down": {"uv": [5.75, 11.125, 5.625, 11.25], "texture": "#0"}
			}
		},
		{
			"from": [14.75, 0, 11.25],
			"to": [15.25, 27.5, 12.25],
			"rotation": {"angle": 0, "axis": "y", "origin": [14.75, 8.75, 10.75]},
			"faces": {
				"north": {"uv": [8, 8.625, 8.125, 12.125], "texture": "#0"},
				"east": {"uv": [8.125, 8.625, 8.25, 12.125], "texture": "#0"},
				"south": {"uv": [8.25, 8.625, 8.375, 12.125], "texture": "#0"},
				"west": {"uv": [2.625, 8.75, 2.75, 12.25], "texture": "#0"},
				"up": {"uv": [11.25, 5.25, 11.125, 5.125], "texture": "#0"},
				"down": {"uv": [5.375, 11.125, 5.25, 11.25], "texture": "#0"}
			}
		},
		{
			"from": [14.67336, 27.3853, 11.25],
			"to": [15.17336, 27.8853, 12.25],
			"rotation": {"angle": 22.5, "axis": "z", "origin": [14.92336, 27.6353, 11.75]},
			"faces": {
				"north": {"uv": [4.625, 11.125, 4.75, 11.25], "texture": "#0"},
				"east": {"uv": [4.75, 11.125, 4.875, 11.25], "texture": "#0"},
				"south": {"uv": [4.875, 11.125, 5, 11.25], "texture": "#0"},
				"west": {"uv": [11.125, 4.875, 11.25, 5], "texture": "#0"},
				"up": {"uv": [11.25, 5.125, 11.125, 5], "texture": "#0"},
				"down": {"uv": [5.25, 11.125, 5.125, 11.25], "texture": "#0"}
			}
		},
		{
			"from": [2.75683, 25, 12.25],
			"to": [13.24317, 25.50683, 18.25],
			"rotation": {"angle": 0, "axis": "y", "origin": [-1.25, 7.75, 10.25]},
			"faces": {
				"north": {"uv": [10.125, 9.875, 11.375, 10], "texture": "#0"},
				"east": {"uv": [10.375, 1.375, 11.125, 1.5], "texture": "#0"},
				"south": {"uv": [10.125, 10, 11.375, 10.125], "texture": "#0"},
				"west": {"uv": [10.375, 1.5, 11.125, 1.625], "texture": "#0"},
				"up": {"uv": [7.75, 6.25, 6.5, 5.5], "texture": "#0"},
				"down": {"uv": [7.75, 6.25, 6.5, 7], "texture": "#0"}
			}
		},
		{
			"from": [2.25683, 0, 12.25],
			"to": [13.75, 25, 18.25],
			"rotation": {"angle": 0, "axis": "y", "origin": [-1.25, 4.25, 10.25]},
			"faces": {
				"north": {"uv": [3.25, 0, 4.625, 3.125], "texture": "#0"},
				"east": {"uv": [0, 5, 0.75, 8.125], "texture": "#0"},
				"south": {"uv": [3.25, 3.125, 4.625, 6.25], "texture": "#0"},
				"west": {"uv": [0.75, 5, 1.5, 8.125], "texture": "#0"},
				"up": {"uv": [7.875, 4.75, 6.5, 4], "texture": "#0"},
				"down": {"uv": [7.875, 4.75, 6.5, 5.5], "texture": "#0"}
			}
		},
		{
			"from": [1.75, 0, 12.25],
			"to": [2.25, 24.5, 18.25],
			"rotation": {"angle": 0, "axis": "y", "origin": [1.25, 7.75, 10.25]},
			"faces": {
				"north": {"uv": [3, 8.75, 3.125, 11.875], "texture": "#0"},
				"east": {"uv": [1.75, 3.5, 2.5, 6.625], "texture": "#0"},
				"south": {"uv": [1.75, 8.875, 1.875, 12], "texture": "#0"},
				"west": {"uv": [2.5, 3.5, 3.25, 6.625], "texture": "#0"},
				"up": {"uv": [8.625, 11.125, 8.5, 10.375], "texture": "#0"},
				"down": {"uv": [8.75, 10.375, 8.625, 11.125], "texture": "#0"}
			}
		},
		{
			"from": [0.16166, 25.01485, 12.25],
			"to": [0.66166, 25.51485, 18.25],
			"rotation": {"angle": -22.5, "axis": "z", "origin": [-0.33834, 20.76485, 10.25]},
			"faces": {
				"north": {"uv": [11.125, 6.125, 11.25, 6.25], "texture": "#0"},
				"east": {"uv": [10.375, 4, 11.125, 4.125], "texture": "#0"},
				"south": {"uv": [6.25, 11.125, 6.375, 11.25], "texture": "#0"},
				"west": {"uv": [10.375, 4.125, 11.125, 4.25], "texture": "#0"},
				"up": {"uv": [8.875, 11.125, 8.75, 10.375], "texture": "#0"},
				"down": {"uv": [10.5, 10.25, 10.375, 11], "texture": "#0"}
			}
		},
		{
			"from": [-0.91742, 26.56029, 12.25],
			"to": [-0.41742, 27.06029, 18.25],
			"rotation": {"angle": -45, "axis": "z", "origin": [-1.41742, 22.31029, 10.25]},
			"faces": {
				"north": {"uv": [6.375, 11.125, 6.5, 11.25], "texture": "#0"},
				"east": {"uv": [10.375, 4.25, 11.125, 4.375], "texture": "#0"},
				"south": {"uv": [6.5, 11.125, 6.625, 11.25], "texture": "#0"},
				"west": {"uv": [10.375, 4.375, 11.125, 4.5], "texture": "#0"},
				"up": {"uv": [2.25, 11.25, 2.125, 10.5], "texture": "#0"},
				"down": {"uv": [10.625, 5.375, 10.5, 6.125], "texture": "#0"}
			}
		},
		{
			"from": [2.42707, 23.15103, 12.25],
			"to": [2.92707, 23.65103, 18.25],
			"rotation": {"angle": 22.5, "axis": "z", "origin": [-1.82293, 24.15103, 10.25]},
			"faces": {
				"north": {"uv": [11.125, 6.625, 11.25, 6.75], "texture": "#0"},
				"east": {"uv": [10.375, 4.5, 11.125, 4.625], "texture": "#0"},
				"south": {"uv": [11.125, 6.75, 11.25, 6.875], "texture": "#0"},
				"west": {"uv": [10.375, 5, 11.125, 5.125], "texture": "#0"},
				"up": {"uv": [6.875, 11.25, 6.75, 10.5], "texture": "#0"},
				"down": {"uv": [7, 10.5, 6.875, 11.25], "texture": "#0"}
			}
		},
		{
			"from": [13.07293, 23.15103, 12.25],
			"to": [13.57293, 23.65103, 18.25],
			"rotation": {"angle": -22.5, "axis": "z", "origin": [17.82293, 24.15103, 10.25]},
			"faces": {
				"north": {"uv": [11.125, 7.375, 11.25, 7.5], "texture": "#0"},
				"east": {"uv": [10.5, 0.125, 11.25, 0.25], "texture": "#0"},
				"south": {"uv": [11.125, 7.75, 11.25, 7.875], "texture": "#0"},
				"west": {"uv": [10.5, 0.25, 11.25, 0.375], "texture": "#0"},
				"up": {"uv": [4.125, 11.375, 4, 10.625], "texture": "#0"},
				"down": {"uv": [4.25, 10.625, 4.125, 11.375], "texture": "#0"}
			}
		},
		{
			"from": [15.33834, 25.01485, 12.25],
			"to": [15.83834, 25.51485, 18.25],
			"rotation": {"angle": 22.5, "axis": "z", "origin": [16.33834, 20.76485, 10.25]},
			"faces": {
				"north": {"uv": [11.125, 7.125, 11.25, 7.25], "texture": "#0"},
				"east": {"uv": [10.375, 9.625, 11.125, 9.75], "texture": "#0"},
				"south": {"uv": [11.125, 7.25, 11.25, 7.375], "texture": "#0"},
				"west": {"uv": [10.5, 0, 11.25, 0.125], "texture": "#0"},
				"up": {"uv": [2.5, 11.375, 2.375, 10.625], "texture": "#0"},
				"down": {"uv": [10.75, 3, 10.625, 3.75], "texture": "#0"}
			}
		},
		{
			"from": [16.41742, 26.56029, 12.25],
			"to": [16.91742, 27.06029, 18.25],
			"rotation": {"angle": 45, "axis": "z", "origin": [17.41742, 22.31029, 10.25]},
			"faces": {
				"north": {"uv": [11.125, 6.875, 11.25, 7], "texture": "#0"},
				"east": {"uv": [10.375, 5.125, 11.125, 5.25], "texture": "#0"},
				"south": {"uv": [11.125, 7, 11.25, 7.125], "texture": "#0"},
				"west": {"uv": [10.375, 6.125, 11.125, 6.25], "texture": "#0"},
				"up": {"uv": [10.625, 11, 10.5, 10.25], "texture": "#0"},
				"down": {"uv": [2.375, 10.625, 2.25, 11.375], "texture": "#0"}
			}
		},
		{
			"from": [13.75, 0, 12.25],
			"to": [14.25, 24.5, 18.25],
			"rotation": {"angle": 0, "axis": "y", "origin": [14.75, 7.75, 10.25]},
			"faces": {
				"north": {"uv": [1.875, 8.875, 2, 12], "texture": "#0"},
				"east": {"uv": [4.625, 1.5, 5.375, 4.625], "texture": "#0"},
				"south": {"uv": [2, 8.875, 2.125, 12], "texture": "#0"},
				"west": {"uv": [4.625, 4.625, 5.375, 7.75], "texture": "#0"},
				"up": {"uv": [7.125, 11.25, 7, 10.5], "texture": "#0"},
				"down": {"uv": [10.625, 7.75, 10.5, 8.5], "texture": "#0"}
			}
		},
		{
			"from": [3.25, 1, 2.5],
			"to": [4.75, 4.5, 2.75],
			"rotation": {"angle": 0, "axis": "y", "origin": [-3.75, 7.75, 2.25]},
			"faces": {
				"north": {"uv": [2.25, 10.125, 2.5, 10.625], "texture": "#0"},
				"east": {"uv": [8.25, 7, 8.375, 7.5], "texture": "#0"},
				"south": {"uv": [4.75, 10.25, 5, 10.75], "texture": "#0"},
				"west": {"uv": [7.125, 9.75, 7.25, 10.25], "texture": "#0"},
				"up": {"uv": [8.625, 9, 8.375, 8.875], "texture": "#0"},
				"down": {"uv": [11.125, 9.5, 10.875, 9.625], "texture": "#0"}
			}
		},
		{
			"from": [4.62604, 1, 2.87317],
			"to": [5.62604, 4.5, 3.12317],
			"rotation": {"angle": -22.5, "axis": "y", "origin": [5.62604, 2.75, 2.99817]},
			"faces": {
				"north": {"uv": [4.25, 10.625, 4.375, 11.125], "texture": "#0"},
				"east": {"uv": [4.375, 10.625, 4.5, 11.125], "texture": "#0"},
				"south": {"uv": [4.5, 10.625, 4.625, 11.125], "texture": "#0"},
				"west": {"uv": [4.625, 10.625, 4.75, 11.125], "texture": "#0"},
				"up": {"uv": [11.125, 5.375, 11, 5.25], "texture": "#0"},
				"down": {"uv": [11.125, 8.5, 11, 8.625], "texture": "#0"}
			}
		},
		{
			"from": [11.25, 1, 2.5],
			"to": [12.75, 4.5, 2.75],
			"rotation": {"angle": 0, "axis": "y", "origin": [19.75, 7.75, 2.25]},
			"faces": {
				"north": {"uv": [10.25, 7.75, 10.5, 8.25], "texture": "#0"},
				"east": {"uv": [5.5, 10.625, 5.625, 11.125], "texture": "#0"},
				"south": {"uv": [8.875, 10.25, 9.125, 10.75], "texture": "#0"},
				"west": {"uv": [5.625, 10.625, 5.75, 11.125], "texture": "#0"},
				"up": {"uv": [11.125, 10.375, 10.875, 10.25], "texture": "#0"},
				"down": {"uv": [11.125, 10.375, 10.875, 10.5], "texture": "#0"}
			}
		},
		{
			"from": [10.37396, 1, 2.87317],
			"to": [11.37396, 4.5, 3.12317],
			"rotation": {"angle": 22.5, "axis": "y", "origin": [10.37396, 2.75, 2.99817]},
			"faces": {
				"north": {"uv": [5.125, 10.625, 5.25, 11.125], "texture": "#0"},
				"east": {"uv": [5.25, 10.625, 5.375, 11.125], "texture": "#0"},
				"south": {"uv": [5.375, 10.625, 5.5, 11.125], "texture": "#0"},
				"west": {"uv": [10.625, 5.375, 10.75, 5.875], "texture": "#0"},
				"up": {"uv": [9.25, 11.125, 9.125, 11], "texture": "#0"},
				"down": {"uv": [11.125, 9.125, 11, 9.25], "texture": "#0"}
			}
		},
		{
			"from": [10.32612, 1, 2.88268],
			"to": [10.57612, 4.5, 6.38268],
			"rotation": {"angle": 0, "axis": "y", "origin": [9.45112, 2.75, 3.88268]},
			"faces": {
				"north": {"uv": [5.75, 10.625, 5.875, 11.125], "texture": "#0"},
				"east": {"uv": [1.25, 9.125, 1.75, 9.625], "texture": "#0"},
				"south": {"uv": [5.875, 10.625, 6, 11.125], "texture": "#0"},
				"west": {"uv": [5.125, 9.375, 5.625, 9.875], "texture": "#0"},
				"up": {"uv": [6.125, 11.125, 6, 10.625], "texture": "#0"},
				"down": {"uv": [6.25, 10.625, 6.125, 11.125], "texture": "#0"}
			}
		},
		{
			"from": [5.42388, 1, 2.88268],
			"to": [5.67388, 4.5, 6.38268],
			"rotation": {"angle": 0, "axis": "y", "origin": [5.54888, 2.75, 3.88268]},
			"faces": {
				"north": {"uv": [6.25, 10.625, 6.375, 11.125], "texture": "#0"},
				"east": {"uv": [5.625, 9.375, 6.125, 9.875], "texture": "#0"},
				"south": {"uv": [6.375, 10.625, 6.5, 11.125], "texture": "#0"},
				"west": {"uv": [6.125, 9.375, 6.625, 9.875], "texture": "#0"},
				"up": {"uv": [6.625, 11.125, 6.5, 10.625], "texture": "#0"},
				"down": {"uv": [10.75, 7, 10.625, 7.5], "texture": "#0"}
			}
		},
		{
			"from": [3.25, 0, 2.5],
			"to": [12.75, 1, 2.75],
			"rotation": {"angle": 0, "axis": "y", "origin": [1.25, 7.75, 2.25]},
			"faces": {
				"north": {"uv": [5.125, 9.875, 6.375, 10], "texture": "#0"},
				"east": {"uv": [10.25, 5.375, 10.375, 5.5], "texture": "#0"},
				"south": {"uv": [8.875, 9.875, 10.125, 10], "texture": "#0"},
				"west": {"uv": [7.5, 10.75, 7.625, 10.875], "texture": "#0"},
				"up": {"uv": [6.375, 10.125, 5.125, 10], "texture": "#0"},
				"down": {"uv": [11.25, 6.25, 10, 6.375], "texture": "#0"}
			}
		},
		{
			"from": [3.25, 4.5, 2.5],
			"to": [12.75, 6, 2.75],
			"rotation": {"angle": 0, "axis": "y", "origin": [1.25, 7.75, 2.25]},
			"faces": {
				"north": {"uv": [9, 2.75, 10.25, 3], "texture": "#0"},
				"east": {"uv": [9.25, 10.875, 9.375, 11.125], "texture": "#0"},
				"south": {"uv": [9, 3, 10.25, 3.25], "texture": "#0"},
				"west": {"uv": [9.375, 10.875, 9.5, 11.125], "texture": "#0"},
				"up": {"uv": [9.125, 5.5, 7.875, 5.375], "texture": "#0"},
				"down": {"uv": [10.125, 9.75, 8.875, 9.875], "texture": "#0"}
			}
		},
		{
			"from": [1.25, 9, -0.25],
			"to": [14.75, 12.5, 11.25],
			"rotation": {"angle": 0, "axis": "y", "origin": [1.25, 7.25, 2.25]},
			"faces": {
				"north": {"uv": [1.5, 6.625, 3.25, 7.125], "texture": "#0"},
				"east": {"uv": [5.375, 7.5, 6.875, 8], "texture": "#0"},
				"south": {"uv": [6.5, 7, 8.25, 7.5], "texture": "#0"},
				"west": {"uv": [6.875, 7.5, 8.375, 8], "texture": "#0"},
				"up": {"uv": [1.75, 5, 0, 3.5], "texture": "#0"},
				"down": {"uv": [6.375, 0, 4.625, 1.5], "texture": "#0"}
			}
		},
		{
			"from": [4, 10, -0.282],
			"to": [12, 11.5, -0.282],
			"rotation": {"angle": 0, "axis": "y", "origin": [1.25, 7.25, 2.25]},
			"faces": {
				"north": {"uv": [0, 12.64063, 8.375, 14.98438], "texture": "#0"},
				"east": {"uv": [5.375, 7.5, 6.875, 8], "texture": "#0"},
				"south": {"uv": [6.5, 7, 8.25, 7.5], "texture": "#0"},
				"west": {"uv": [6.875, 7.5, 8.375, 8], "texture": "#0"},
				"up": {"uv": [1.75, 5, 0, 3.5], "texture": "#0"},
				"down": {"uv": [6.375, 0, 4.625, 1.5], "texture": "#0"}
			}
		},
		{
			"from": [1.75, 12.346, 0],
			"to": [14.25, 12.596, 3],
			"rotation": {"angle": 0, "axis": "y", "origin": [1.25, 7.346, 2.25]},
			"faces": {
				"north": {"uv": [9.625, 2.5, 11.25, 2.625], "texture": "#0"},
				"east": {"uv": [10.5, 8.875, 10.875, 9], "texture": "#0"},
				"south": {"uv": [9.625, 2.625, 11.25, 2.75], "texture": "#0"},
				"west": {"uv": [10.5, 9.5, 10.875, 9.625], "texture": "#0"},
				"up": {"uv": [9.375, 6.625, 7.75, 6.25], "texture": "#0"},
				"down": {"uv": [9.375, 6.625, 7.75, 7], "texture": "#0"}
			}
		},
		{
			"from": [1.25, 22, 9.25],
			"to": [14.75, 24.5, 11.25],
			"rotation": {"angle": 0, "axis": "y", "origin": [1.25, 16.75, 2.25]},
			"faces": {
				"north": {"uv": [7.125, 1.75, 8.875, 2.25], "texture": "#0"},
				"east": {"uv": [9.125, 10.25, 9.375, 10.75], "texture": "#0"},
				"south": {"uv": [7.125, 2.25, 8.875, 2.75], "texture": "#0"},
				"west": {"uv": [9.375, 10.25, 9.625, 10.75], "texture": "#0"},
				"up": {"uv": [10.375, 8.5, 8.625, 8.25], "texture": "#0"},
				"down": {"uv": [10.375, 8.5, 8.625, 8.75], "texture": "#0"}
			}
		},
		{
			"from": [12.75, 11.5, 5.88353],
			"to": [14.75, 24.92439, 7.75],
			"rotation": {"angle": 22.5, "axis": "x", "origin": [8, 17.75, 6.5]},
			"faces": {
				"north": {"uv": [2.25, 8.25, 2.5, 10.125], "texture": "#0"},
				"east": {"uv": [8.375, 2.75, 8.625, 4.625], "texture": "#0"},
				"south": {"uv": [4, 8.375, 4.25, 10.25], "texture": "#0"},
				"west": {"uv": [4.25, 8.375, 4.5, 10.25], "texture": "#0"},
				"up": {"uv": [7.125, 1.5, 6.875, 1.25], "texture": "#0"},
				"down": {"uv": [4.625, 7.5, 4.375, 7.75], "texture": "#0"}
			}
		},
		{
			"from": [12.5, 13.96245, 5.69219],
			"to": [12.75, 21.03806, 8.05866],
			"rotation": {"angle": 22.5, "axis": "x", "origin": [8, 17.28806, 6.30866]},
			"faces": {
				"north": {"uv": [3.125, 7.625, 3.25, 8.5], "texture": "#0"},
				"east": {"uv": [7.25, 9.375, 7.5, 10.25], "texture": "#0"},
				"south": {"uv": [10.125, 10.25, 10.25, 11.125], "texture": "#0"},
				"west": {"uv": [9.5, 0.5, 9.75, 1.375], "texture": "#0"},
				"up": {"uv": [9.625, 11.125, 9.5, 10.875], "texture": "#0"},
				"down": {"uv": [11, 10.5, 10.875, 10.75], "texture": "#0"}
			}
		},
		{
			"from": [9.468, 14.27479, 5.75892],
			"to": [9.718, 20.69917, 8.12539],
			"rotation": {"angle": 22.5, "axis": "x", "origin": [10.75, 17.44917, 6.37539]},
			"faces": {
				"north": {"uv": [3.25, 10.375, 3.375, 11.125], "texture": "#0"},
				"east": {"uv": [0.625, 9.625, 0.875, 10.375], "texture": "#0"},
				"south": {"uv": [10.375, 5.375, 10.5, 6.125], "texture": "#0"},
				"west": {"uv": [0.875, 9.625, 1.125, 10.375], "texture": "#0"},
				"up": {"uv": [3.75, 11.25, 3.625, 11], "texture": "#0"},
				"down": {"uv": [6.75, 11, 6.625, 11.25], "texture": "#0"}
			}
		},
		{
			"from": [6.32, 14.27479, 5.75892],
			"to": [6.57, 20.69917, 8.12539],
			"rotation": {"angle": 22.5, "axis": "x", "origin": [10.75, 17.44917, 6.37539]},
			"faces": {
				"north": {"uv": [10.375, 8.25, 10.5, 9], "texture": "#0"},
				"east": {"uv": [1.25, 9.625, 1.5, 10.375], "texture": "#0"},
				"south": {"uv": [8.375, 10.375, 8.5, 11.125], "texture": "#0"},
				"west": {"uv": [1.5, 9.625, 1.75, 10.375], "texture": "#0"},
				"up": {"uv": [7.5, 11.25, 7.375, 11], "texture": "#0"},
				"down": {"uv": [7.625, 11, 7.5, 11.25], "texture": "#0"}
			}
		},
		{
			"from": [3.25, 13.96245, 5.69219],
			"to": [3.5, 21.03806, 8.05866],
			"rotation": {"angle": 22.5, "axis": "x", "origin": [8, 17.28806, 6.30866]},
			"faces": {
				"north": {"uv": [10.25, 10.25, 10.375, 11.125], "texture": "#0"},
				"east": {"uv": [8.375, 9.5, 8.625, 10.375], "texture": "#0"},
				"south": {"uv": [0.625, 10.375, 0.75, 11.25], "texture": "#0"},
				"west": {"uv": [8.625, 9.5, 8.875, 10.375], "texture": "#0"},
				"up": {"uv": [1.25, 11.25, 1.125, 11], "texture": "#0"},
				"down": {"uv": [11.125, 3, 11, 3.25], "texture": "#0"}
			}
		},
		{
			"from": [3.5, 20.71245, 5.69219],
			"to": [12.5, 21.03806, 8.05866],
			"rotation": {"angle": 22.5, "axis": "x", "origin": [8, 17.28806, 6.30866]},
			"faces": {
				"north": {"uv": [5.375, 7.375, 6.5, 7.5], "texture": "#0"},
				"east": {"uv": [10.625, 10.875, 10.875, 11], "texture": "#0"},
				"south": {"uv": [10.125, 10.125, 11.25, 10.25], "texture": "#0"},
				"west": {"uv": [10.875, 10.875, 11.125, 11], "texture": "#0"},
				"up": {"uv": [10.25, 5.5, 9.125, 5.25], "texture": "#0"},
				"down": {"uv": [7.5, 9.125, 6.375, 9.375], "texture": "#0"}
			}
		},
		{
			"from": [2.75, 20.96245, 5.62819],
			"to": [13.25, 21.78806, 5.69219],
			"rotation": {"angle": 22.5, "axis": "x", "origin": [8, 17.28806, 6.30866]},
			"faces": {
				"north": {"uv": [9.625, 9.125, 11, 9.25], "texture": "#0"},
				"east": {"uv": [3.375, 11.375, 3.5, 11.5], "texture": "#0"},
				"south": {"uv": [9.75, 0.5, 11.125, 0.625], "texture": "#0"},
				"west": {"uv": [11.375, 3.375, 11.5, 3.5], "texture": "#0"},
				"up": {"uv": [11.125, 0.75, 9.75, 0.625], "texture": "#0"},
				"down": {"uv": [11.125, 0.75, 9.75, 0.875], "texture": "#0"}
			}
		},
		{
			"from": [12.75, 14.03806, 5.62819],
			"to": [13.25, 20.96245, 5.69219],
			"rotation": {"angle": 22.5, "axis": "x", "origin": [8, 17.28806, 6.30866]},
			"faces": {
				"north": {"uv": [0.75, 10.375, 0.875, 11.25], "texture": "#0"},
				"east": {"uv": [0.875, 10.375, 1, 11.25], "texture": "#0"},
				"south": {"uv": [1, 10.375, 1.125, 11.25], "texture": "#0"},
				"west": {"uv": [1.25, 10.375, 1.375, 11.25], "texture": "#0"},
				"up": {"uv": [3.75, 11.5, 3.625, 11.375], "texture": "#0"},
				"down": {"uv": [11.5, 3.625, 11.375, 3.75], "texture": "#0"}
			}
		},
		{
			"from": [2.75, 14.03806, 5.62819],
			"to": [3.25, 20.96245, 5.69219],
			"rotation": {"angle": 22.5, "axis": "x", "origin": [7.5, 17.28806, 6.30866]},
			"faces": {
				"north": {"uv": [1.375, 10.375, 1.5, 11.25], "texture": "#0"},
				"east": {"uv": [1.5, 10.375, 1.625, 11.25], "texture": "#0"},
				"south": {"uv": [1.625, 10.375, 1.75, 11.25], "texture": "#0"},
				"west": {"uv": [3.125, 10.375, 3.25, 11.25], "texture": "#0"},
				"up": {"uv": [11.5, 3.875, 11.375, 3.75], "texture": "#0"},
				"down": {"uv": [11.5, 3.875, 11.375, 4], "texture": "#0"}
			}
		},
		{
			"from": [2.75, 13.21245, 5.62819],
			"to": [13.25, 14.03806, 5.69219],
			"rotation": {"angle": 22.5, "axis": "x", "origin": [8, 17.28806, 6.30866]},
			"faces": {
				"north": {"uv": [9.75, 0.875, 11.125, 1], "texture": "#0"},
				"east": {"uv": [3.5, 11.375, 3.625, 11.5], "texture": "#0"},
				"south": {"uv": [9.75, 1, 11.125, 1.125], "texture": "#0"},
				"west": {"uv": [11.375, 3.5, 11.5, 3.625], "texture": "#0"},
				"up": {"uv": [11.125, 1.25, 9.75, 1.125], "texture": "#0"},
				"down": {"uv": [11.125, 1.25, 9.75, 1.375], "texture": "#0"}
			}
		},
		{
			"from": [3.5, 13.98148, 5.59652],
			"to": [12.5, 14.30709, 7.96299],
			"rotation": {"angle": 22.5, "axis": "x", "origin": [8, 17.05709, 6.21299]},
			"faces": {
				"north": {"uv": [10.25, 2.75, 11.375, 2.875], "texture": "#0"},
				"east": {"uv": [11, 0.375, 11.25, 0.5], "texture": "#0"},
				"south": {"uv": [10.25, 2.875, 11.375, 3], "texture": "#0"},
				"west": {"uv": [3.375, 11, 3.625, 11.125], "texture": "#0"},
				"up": {"uv": [9.5, 9.5, 8.375, 9.25], "texture": "#0"},
				"down": {"uv": [1.125, 9.375, 0, 9.625], "texture": "#0"}
			}
		},
		{
			"from": [1.25, 11.5, 5.88353],
			"to": [3.25, 24.92439, 7.75],
			"rotation": {"angle": 22.5, "axis": "x", "origin": [8, 17.75, 6.5]},
			"faces": {
				"north": {"uv": [4.5, 8.375, 4.75, 10.25], "texture": "#0"},
				"east": {"uv": [4.75, 8.375, 5, 10.25], "texture": "#0"},
				"south": {"uv": [8.375, 7, 8.625, 8.875], "texture": "#0"},
				"west": {"uv": [3.125, 8.5, 3.375, 10.375], "texture": "#0"},
				"up": {"uv": [5.375, 8, 5.125, 7.75], "texture": "#0"},
				"down": {"uv": [10.75, 8.625, 10.5, 8.875], "texture": "#0"}
			}
		},
		{
			"from": [3.25, 11.5, 5.88353],
			"to": [12.75, 13.92439, 7.75],
			"rotation": {"angle": 22.5, "axis": "x", "origin": [8, 17.75, 6.5]},
			"faces": {
				"north": {"uv": [9, 3.25, 10.25, 3.5], "texture": "#0"},
				"east": {"uv": [10.625, 5.875, 10.875, 6.125], "texture": "#0"},
				"south": {"uv": [9, 3.5, 10.25, 3.75], "texture": "#0"},
				"west": {"uv": [7.125, 10.625, 7.375, 10.875], "texture": "#0"},
				"up": {"uv": [10.25, 4, 9, 3.75], "texture": "#0"},
				"down": {"uv": [10.25, 7, 9, 7.25], "texture": "#0"}
			}
		},
		{
			"from": [3.25, 20.92388, 6.26621],
			"to": [12.75, 24.34827, 8.13268],
			"rotation": {"angle": 22.5, "axis": "x", "origin": [8, 18.67388, 6.88268]},
			"faces": {
				"north": {"uv": [7.875, 5, 9.125, 5.375], "texture": "#0"},
				"east": {"uv": [1.5, 6.25, 1.75, 6.625], "texture": "#0"},
				"south": {"uv": [8.375, 4.625, 9.625, 5], "texture": "#0"},
				"west": {"uv": [6.375, 9.875, 6.625, 10.25], "texture": "#0"},
				"up": {"uv": [10.25, 7.5, 9, 7.25], "texture": "#0"},
				"down": {"uv": [10.25, 7.5, 9, 7.75], "texture": "#0"}
			}
		},
		{
			"from": [1.75, 11.06622, 5.43078],
			"to": [14.25, 11.9906, 5.79725],
			"rotation": {"angle": 22.5, "axis": "x", "origin": [8, 17.31622, 7.54725]},
			"faces": {
				"north": {"uv": [9.5, 1.625, 11.125, 1.75], "texture": "#0"},
				"east": {"uv": [11, 10.5, 11.125, 10.625], "texture": "#0"},
				"south": {"uv": [8.875, 9.5, 10.5, 9.625], "texture": "#0"},
				"west": {"uv": [10.625, 11, 10.75, 11.125], "texture": "#0"},
				"up": {"uv": [11.125, 9.375, 9.5, 9.25], "texture": "#0"},
				"down": {"uv": [11.125, 9.375, 9.5, 9.5], "texture": "#0"}
			}
		},
		{
			"from": [1.75, 22.91398, 6.19614],
			"to": [14.25, 23.83836, 6.56261],
			"rotation": {"angle": 22.5, "axis": "x", "origin": [8, 19.16398, 8.31261]},
			"faces": {
				"north": {"uv": [9.625, 1.75, 11.25, 1.875], "texture": "#0"},
				"east": {"uv": [11, 11, 11.125, 11.125], "texture": "#0"},
				"south": {"uv": [9.625, 1.875, 11.25, 2], "texture": "#0"},
				"west": {"uv": [11.125, 0.5, 11.25, 0.625], "texture": "#0"},
				"up": {"uv": [11.25, 2.125, 9.625, 2], "texture": "#0"},
				"down": {"uv": [11.25, 2.125, 9.625, 2.25], "texture": "#0"}
			}
		},
		{
			"from": [1.25, 24.16398, 7.19614],
			"to": [14.75, 27.08836, 12.06261],
			"rotation": {"angle": 0, "axis": "x", "origin": [8, 19.16398, 8.31261]},
			"faces": {
				"north": {"uv": [7.75, 5.5, 9.5, 5.875], "texture": "#0"},
				"east": {"uv": [9.375, 6.25, 10, 6.625], "texture": "#0"},
				"south": {"uv": [7.75, 5.875, 9.5, 6.25], "texture": "#0"},
				"west": {"uv": [6.625, 9.375, 7.25, 9.75], "texture": "#0"},
				"up": {"uv": [8.125, 0.625, 6.375, 0], "texture": "#0"},
				"down": {"uv": [8.125, 0.625, 6.375, 1.25], "texture": "#0"}
			}
		},
		{
			"from": [1.75, 24.66398, 7.14414],
			"to": [14.25, 26.58836, 7.64414],
			"rotation": {"angle": 0, "axis": "x", "origin": [8, 19.16398, 3.89414]},
			"faces": {
				"north": {"uv": [8.875, 0, 10.5, 0.25], "texture": "#0"},
				"east": {"uv": [8.875, 11, 9, 11.25], "texture": "#0"},
				"south": {"uv": [8.875, 0.25, 10.5, 0.5], "texture": "#0"},
				"west": {"uv": [9, 11, 9.125, 11.25], "texture": "#0"},
				"up": {"uv": [11.25, 4.75, 9.625, 4.625], "texture": "#0"},
				"down": {"uv": [11.25, 4.75, 9.625, 4.875], "texture": "#0"}
			}
		},
		{
			"from": [4.75, 24.91398, 7.11214],
			"to": [11.25, 26.33836, 7.11214],
			"rotation": {"angle": 0, "axis": "x", "origin": [8, 19.16398, 3.89414]},
			"faces": {
				"north": {"uv": [9.4375, 12.04688, 15.42188, 13.85938], "texture": "#0"},
				"east": {"uv": [8.875, 11, 9, 11.25], "texture": "#0"},
				"south": {"uv": [8.875, 0.25, 10.5, 0.5], "texture": "#0"},
				"west": {"uv": [9, 11, 9.125, 11.25], "texture": "#0"},
				"up": {"uv": [11.25, 4.75, 9.625, 4.625], "texture": "#0"},
				"down": {"uv": [11.25, 4.75, 9.625, 4.875], "texture": "#0"}
			}
		},
		{
			"from": [1.75, 24.66398, 7.14414],
			"to": [14.25, 26.58836, 7.64414],
			"rotation": {"angle": 0, "axis": "x", "origin": [8, 19.16398, 3.89414]},
			"faces": {
				"north": {"uv": [8.875, 0, 10.5, 0.25], "texture": "#0"},
				"east": {"uv": [8.875, 11, 9, 11.25], "texture": "#0"},
				"south": {"uv": [8.875, 0.25, 10.5, 0.5], "texture": "#0"},
				"west": {"uv": [9, 11, 9.125, 11.25], "texture": "#0"},
				"up": {"uv": [11.25, 4.75, 9.625, 4.625], "texture": "#0"},
				"down": {"uv": [11.25, 4.75, 9.625, 4.875], "texture": "#0"}
			}
		},
		{
			"from": [5.5, 22.00998, 7.77214],
			"to": [10.5, 23.43436, 7.77214],
			"rotation": {"angle": 22.5, "axis": "x", "origin": [8, 22.62617, 7.14414]},
			"faces": {
				"north": {"uv": [11.76563, 4.35938, 15.67188, 5.82813], "texture": "#0"},
				"east": {"uv": [15.25, 6.42188, 16.04688, 7.29688], "texture": "#0"},
				"south": {"uv": [14.42188, 6.92188, 16.04688, 7.71875], "texture": "#0"},
				"west": {"uv": [14.98438, 6.34375, 16.04688, 7.3125], "texture": "#0"},
				"up": {"uv": [16.04688, 7.23438, 15, 6.34375], "texture": "#0"},
				"down": {"uv": [15.92188, 6.5625, 14.70313, 7.35938], "texture": "#0"}
			}
		},
		{
			"from": [4.75, 25.91398, 8.69614],
			"to": [11.25, 27.83836, 10.56261],
			"rotation": {"angle": -22.5, "axis": "x", "origin": [8, 27.37617, 9.12938]},
			"faces": {
				"north": {"uv": [9.5, 1.375, 10.375, 1.625], "texture": "#0"},
				"east": {"uv": [10.625, 7.5, 10.875, 7.75], "texture": "#0"},
				"south": {"uv": [9.5, 5.5, 10.375, 5.75], "texture": "#0"},
				"west": {"uv": [7.625, 10.625, 7.875, 10.875], "texture": "#0"},
				"up": {"uv": [10.375, 6, 9.5, 5.75], "texture": "#0"},
				"down": {"uv": [10.375, 6, 9.5, 6.25], "texture": "#0"}
			}
		},
		{
			"from": [1.25, 23.92702, 6.15445],
			"to": [14.75, 24.35141, 7.02092],
			"rotation": {"angle": 22.5, "axis": "x", "origin": [8, 21.42702, 7.27092]},
			"faces": {
				"north": {"uv": [8.625, 4.5, 10.375, 4.625], "texture": "#0"},
				"east": {"uv": [11.125, 0.625, 11.25, 0.75], "texture": "#0"},
				"south": {"uv": [9.375, 6.625, 11.125, 6.75], "texture": "#0"},
				"west": {"uv": [11.125, 0.75, 11.25, 0.875], "texture": "#0"},
				"up": {"uv": [11.125, 6.875, 9.375, 6.75], "texture": "#0"},
				"down": {"uv": [11.125, 6.875, 9.375, 7], "texture": "#0"}
			}
		},
		{
			"from": [1.25, 11.06622, 5.43078],
			"to": [1.75, 23.9906, 5.79725],
			"rotation": {"angle": 22.5, "axis": "x", "origin": [8, 17.31622, 7.54725]},
			"faces": {
				"north": {"uv": [2.125, 8.875, 2.25, 10.5], "texture": "#0"},
				"east": {"uv": [7.5, 9.125, 7.625, 10.75], "texture": "#0"},
				"south": {"uv": [1.125, 9.375, 1.25, 11], "texture": "#0"},
				"west": {"uv": [0, 9.625, 0.125, 11.25], "texture": "#0"},
				"up": {"uv": [11.125, 10.75, 11, 10.625], "texture": "#0"},
				"down": {"uv": [10.875, 11, 10.75, 11.125], "texture": "#0"}
			}
		},
		{
			"from": [14.25, 11.06622, 5.43078],
			"to": [14.75, 23.9906, 5.79725],
			"rotation": {"angle": 22.5, "axis": "x", "origin": [8, 17.31622, 7.54725]},
			"faces": {
				"north": {"uv": [0.125, 9.625, 0.25, 11.25], "texture": "#0"},
				"east": {"uv": [0.25, 9.625, 0.375, 11.25], "texture": "#0"},
				"south": {"uv": [0.375, 9.625, 0.5, 11.25], "texture": "#0"},
				"west": {"uv": [0.5, 9.625, 0.625, 11.25], "texture": "#0"},
				"up": {"uv": [11.125, 10.875, 11, 10.75], "texture": "#0"},
				"down": {"uv": [11, 11, 10.875, 11.125], "texture": "#0"}
			}
		},
		{
			"from": [1.25, 12.5, 8.872],
			"to": [14.75, 22, 11.25],
			"rotation": {"angle": 0, "axis": "x", "origin": [8, 19.25, 5.5]},
			"faces": {
				"north": {"uv": [5.375, 1.5, 7.125, 2.75], "texture": "#0"},
				"east": {"uv": [1.5, 5, 1.75, 6.25], "texture": "#0"},
				"south": {"uv": [5.375, 2.75, 7.125, 4], "texture": "#0"},
				"west": {"uv": [4.375, 6.25, 4.625, 7.5], "texture": "#0"},
				"up": {"uv": [10.375, 9, 8.625, 8.75], "texture": "#0"},
				"down": {"uv": [1.75, 8.875, 0, 9.125], "texture": "#0"}
			}
		},
		{
			"from": [1.25, 13.83939, 8.01642],
			"to": [1.75, 23.33939, 11.01642],
			"rotation": {"angle": 22.5, "axis": "x", "origin": [8, 19.08939, 3.26642]},
			"faces": {
				"north": {"uv": [3.375, 9.75, 3.5, 11], "texture": "#0"},
				"east": {"uv": [3.375, 8.5, 3.75, 9.75], "texture": "#0"},
				"south": {"uv": [3.5, 9.75, 3.625, 11], "texture": "#0"},
				"west": {"uv": [8.625, 2.75, 9, 4], "texture": "#0"},
				"up": {"uv": [7.5, 11, 7.375, 10.625], "texture": "#0"},
				"down": {"uv": [8, 10.625, 7.875, 11], "texture": "#0"}
			}
		},
		{
			"from": [14.25, 13.83939, 8.01642],
			"to": [14.75, 23.33939, 11.01642],
			"rotation": {"angle": 22.5, "axis": "x", "origin": [8, 19.08939, 3.26642]},
			"faces": {
				"north": {"uv": [3.625, 9.75, 3.75, 11], "texture": "#0"},
				"east": {"uv": [8.625, 7, 9, 8.25], "texture": "#0"},
				"south": {"uv": [6.625, 9.75, 6.75, 11], "texture": "#0"},
				"west": {"uv": [7.625, 8.625, 8, 9.875], "texture": "#0"},
				"up": {"uv": [10.875, 3.625, 10.75, 3.25], "texture": "#0"},
				"down": {"uv": [10.875, 3.625, 10.75, 4], "texture": "#0"}
			}
		},
		{
			"from": [3.25, 18.09315, 9.3895],
			"to": [12.75, 20.51754, 10.25597],
			"rotation": {"angle": 45, "axis": "x", "origin": [8, 20.80534, 8.82274]},
			"faces": {
				"north": {"uv": [11.57813, 0, 15.89063, 1.39063], "texture": "#0"},
				"east": {"uv": [7.625, 11, 7.75, 11.25], "texture": "#0"},
				"south": {"uv": [9, 8, 10.25, 8.25], "texture": "#0"},
				"west": {"uv": [7.75, 11, 7.875, 11.25], "texture": "#0"},
				"up": {"uv": [11.25, 6.5, 10, 6.375], "texture": "#0"},
				"down": {"uv": [11.25, 6.5, 10, 6.625], "texture": "#0"}
			}
		},
		{
			"from": [3.25, 16.02901, 8.60702],
			"to": [12.75, 18.45339, 9.47349],
			"rotation": {"angle": 22.5, "axis": "x", "origin": [8, 21.7412, 8.04026]},
			"faces": {
				"north": {"uv": [11.59375, 1.53125, 15.92188, 2.57813], "texture": "#0"},
				"east": {"uv": [11, 7.75, 11.125, 8], "texture": "#0"},
				"south": {"uv": [0, 9.125, 1.25, 9.375], "texture": "#0"},
				"west": {"uv": [7.875, 11, 8, 11.25], "texture": "#0"},
				"up": {"uv": [10.125, 10.125, 8.875, 10], "texture": "#0"},
				"down": {"uv": [6.375, 10.125, 5.125, 10.25], "texture": "#0"}
			}
		},
		{
			"from": [3.25, 13.82254, 6.37792],
			"to": [12.75, 16.24693, 7.24439],
			"rotation": {"angle": 0, "axis": "x", "origin": [8, 15.03474, 6.81115]},
			"faces": {
				"north": {"uv": [11.59375, 2.92188, 15.95313, 4.0625], "texture": "#0"},
				"east": {"uv": [11, 8, 11.125, 8.25], "texture": "#0"},
				"south": {"uv": [5.125, 9.125, 6.375, 9.375], "texture": "#0"},
				"west": {"uv": [11, 8.25, 11.125, 8.5], "texture": "#0"},
				"up": {"uv": [10.125, 10.25, 8.875, 10.125], "texture": "#0"},
				"down": {"uv": [11.375, 9.75, 10.125, 9.875], "texture": "#0"}
			}
		},
		{
			"from": [1.25, 7.94814, 0.03805],
			"to": [14.75, 9.44814, 3.53805],
			"rotation": {"angle": 22.5, "axis": "x", "origin": [1.25, 9.19814, 2.53805]},
			"faces": {
				"north": {"uv": [8.625, 4, 10.375, 4.25], "texture": "#0"},
				"east": {"uv": [6.375, 1.25, 6.875, 1.5], "texture": "#0"},
				"south": {"uv": [8.625, 4.25, 10.375, 4.5], "texture": "#0"},
				"west": {"uv": [10.25, 3.75, 10.75, 4], "texture": "#0"},
				"up": {"uv": [8.875, 1.75, 7.125, 1.25], "texture": "#0"},
				"down": {"uv": [3.25, 7.125, 1.5, 7.625], "texture": "#0"}
			}
		},
		{
			"name": "hexadecagon",
			"from": [2.40054, 12.314, 1.628],
			"to": [2.59946, 12.814, 2.628],
			"rotation": {"angle": -45, "axis": "y", "origin": [2.5, 12.564, 2.128]},
			"faces": {
				"north": {"uv": [11.125, 7.875, 11.25, 8], "texture": "#0"},
				"east": {"uv": [11.125, 8, 11.25, 8.125], "texture": "#0"},
				"south": {"uv": [11.125, 8.125, 11.25, 8.25], "texture": "#0"},
				"west": {"uv": [11.125, 8.25, 11.25, 8.375], "texture": "#0"},
				"up": {"uv": [8.5, 11.25, 8.375, 11.125], "texture": "#0"},
				"down": {"uv": [11.25, 8.375, 11.125, 8.5], "texture": "#0"}
			}
		},
		{
			"name": "hexadecagon",
			"from": [2.40054, 12.314, 1.628],
			"to": [2.59946, 12.814, 2.628],
			"rotation": {"angle": -22.5, "axis": "y", "origin": [2.5, 12.564, 2.128]},
			"faces": {
				"north": {"uv": [8.5, 11.125, 8.625, 11.25], "texture": "#0"},
				"east": {"uv": [11.125, 8.5, 11.25, 8.625], "texture": "#0"},
				"south": {"uv": [8.625, 11.125, 8.75, 11.25], "texture": "#0"},
				"west": {"uv": [11.125, 8.625, 11.25, 8.75], "texture": "#0"},
				"up": {"uv": [8.875, 11.25, 8.75, 11.125], "texture": "#0"},
				"down": {"uv": [11.25, 8.75, 11.125, 8.875], "texture": "#0"}
			}
		},
		{
			"name": "hexadecagon",
			"from": [2.40054, 12.314, 1.628],
			"to": [2.59946, 12.814, 2.628],
			"rotation": {"angle": 0, "axis": "y", "origin": [2.5, 12.564, 2.128]},
			"faces": {
				"north": {"uv": [11.125, 9, 11.25, 9.125], "texture": "#0"},
				"east": {"uv": [9.125, 11.125, 9.25, 11.25], "texture": "#0"},
				"south": {"uv": [11.125, 9.125, 11.25, 9.25], "texture": "#0"},
				"west": {"uv": [9.25, 11.125, 9.375, 11.25], "texture": "#0"},
				"up": {"uv": [11.25, 9.375, 11.125, 9.25], "texture": "#0"},
				"down": {"uv": [9.5, 11.125, 9.375, 11.25], "texture": "#0"}
			}
		},
		{
			"name": "hexadecagon",
			"from": [2.40054, 12.314, 1.628],
			"to": [2.59946, 12.814, 2.628],
			"rotation": {"angle": 22.5, "axis": "y", "origin": [2.5, 12.564, 2.128]},
			"faces": {
				"north": {"uv": [11.125, 9.375, 11.25, 9.5], "texture": "#0"},
				"east": {"uv": [9.5, 11.125, 9.625, 11.25], "texture": "#0"},
				"south": {"uv": [11.125, 9.5, 11.25, 9.625], "texture": "#0"},
				"west": {"uv": [11.125, 9.625, 11.25, 9.75], "texture": "#0"},
				"up": {"uv": [10.25, 11.25, 10.125, 11.125], "texture": "#0"},
				"down": {"uv": [10.375, 11.125, 10.25, 11.25], "texture": "#0"}
			}
		},
		{
			"name": "hexadecagon",
			"from": [2.40054, 12.314, 1.628],
			"to": [2.59946, 12.814, 2.628],
			"rotation": {"angle": 45, "axis": "y", "origin": [2.5, 12.564, 2.128]},
			"faces": {
				"north": {"uv": [11.125, 10.25, 11.25, 10.375], "texture": "#0"},
				"east": {"uv": [10.375, 11.125, 10.5, 11.25], "texture": "#0"},
				"south": {"uv": [11.125, 10.375, 11.25, 10.5], "texture": "#0"},
				"west": {"uv": [10.5, 11.125, 10.625, 11.25], "texture": "#0"},
				"up": {"uv": [11.25, 10.625, 11.125, 10.5], "texture": "#0"},
				"down": {"uv": [10.75, 11.125, 10.625, 11.25], "texture": "#0"}
			}
		},
		{
			"name": "hexadecagon",
			"from": [2, 12.314, 2.02854],
			"to": [3, 12.814, 2.22746],
			"rotation": {"angle": -22.5, "axis": "y", "origin": [2.5, 12.564, 2.128]},
			"faces": {
				"north": {"uv": [11.125, 10.625, 11.25, 10.75], "texture": "#0"},
				"east": {"uv": [10.75, 11.125, 10.875, 11.25], "texture": "#0"},
				"south": {"uv": [11.125, 10.75, 11.25, 10.875], "texture": "#0"},
				"west": {"uv": [10.875, 11.125, 11, 11.25], "texture": "#0"},
				"up": {"uv": [11.25, 11, 11.125, 10.875], "texture": "#0"},
				"down": {"uv": [11.125, 11.125, 11, 11.25], "texture": "#0"}
			}
		},
		{
			"name": "hexadecagon",
			"from": [2, 12.314, 2.02854],
			"to": [3, 12.814, 2.22746],
			"rotation": {"angle": 0, "axis": "y", "origin": [2.5, 12.564, 2.128]},
			"faces": {
				"north": {"uv": [11.125, 11, 11.25, 11.125], "texture": "#0"},
				"east": {"uv": [11.125, 11.125, 11.25, 11.25], "texture": "#0"},
				"south": {"uv": [0, 11.25, 0.125, 11.375], "texture": "#0"},
				"west": {"uv": [11.25, 0, 11.375, 0.125], "texture": "#0"},
				"up": {"uv": [0.25, 11.375, 0.125, 11.25], "texture": "#0"},
				"down": {"uv": [11.375, 0.125, 11.25, 0.25], "texture": "#0"}
			}
		},
		{
			"name": "hexadecagon",
			"from": [2, 12.314, 2.02854],
			"to": [3, 12.814, 2.22746],
			"rotation": {"angle": 22.5, "axis": "y", "origin": [2.5, 12.564, 2.128]},
			"faces": {
				"north": {"uv": [0.25, 11.25, 0.375, 11.375], "texture": "#0"},
				"east": {"uv": [11.25, 0.25, 11.375, 0.375], "texture": "#0"},
				"south": {"uv": [0.375, 11.25, 0.5, 11.375], "texture": "#0"},
				"west": {"uv": [11.25, 0.375, 11.375, 0.5], "texture": "#0"},
				"up": {"uv": [0.625, 11.375, 0.5, 11.25], "texture": "#0"},
				"down": {"uv": [11.375, 0.5, 11.25, 0.625], "texture": "#0"}
			}
		},
		{
			"name": "hexadecagon",
			"from": [12.85479, 12.064, 0.898],
			"to": [13.14521, 13.064, 2.358],
			"rotation": {"angle": -45, "axis": "y", "origin": [13, 12.314, 1.628]},
			"faces": {
				"north": {"uv": [0.625, 11.25, 0.75, 11.375], "texture": "#0"},
				"east": {"uv": [11.25, 0.625, 11.375, 0.75], "texture": "#0"},
				"south": {"uv": [0.75, 11.25, 0.875, 11.375], "texture": "#0"},
				"west": {"uv": [11.25, 0.75, 11.375, 0.875], "texture": "#0"},
				"up": {"uv": [1, 11.375, 0.875, 11.25], "texture": "#0"},
				"down": {"uv": [11.375, 0.875, 11.25, 1], "texture": "#0"}
			}
		},
		{
			"name": "hexadecagon",
			"from": [12.85479, 12.064, 0.898],
			"to": [13.14521, 13.064, 2.358],
			"rotation": {"angle": -22.5, "axis": "y", "origin": [13, 12.314, 1.628]},
			"faces": {
				"north": {"uv": [1, 11.25, 1.125, 11.375], "texture": "#0"},
				"east": {"uv": [11.25, 1, 11.375, 1.125], "texture": "#0"},
				"south": {"uv": [1.125, 11.25, 1.25, 11.375], "texture": "#0"},
				"west": {"uv": [11.25, 1.125, 11.375, 1.25], "texture": "#0"},
				"up": {"uv": [1.375, 11.375, 1.25, 11.25], "texture": "#0"},
				"down": {"uv": [11.375, 1.25, 11.25, 1.375], "texture": "#0"}
			}
		},
		{
			"name": "hexadecagon",
			"from": [12.85479, 12.064, 0.898],
			"to": [13.14521, 13.064, 2.358],
			"rotation": {"angle": 0, "axis": "y", "origin": [13, 12.314, 1.628]},
			"faces": {
				"north": {"uv": [1.375, 11.25, 1.5, 11.375], "texture": "#0"},
				"east": {"uv": [11.25, 1.375, 11.375, 1.5], "texture": "#0"},
				"south": {"uv": [1.5, 11.25, 1.625, 11.375], "texture": "#0"},
				"west": {"uv": [11.25, 1.5, 11.375, 1.625], "texture": "#0"},
				"up": {"uv": [1.75, 11.375, 1.625, 11.25], "texture": "#0"},
				"down": {"uv": [11.375, 1.625, 11.25, 1.75], "texture": "#0"}
			}
		},
		{
			"name": "hexadecagon",
			"from": [12.85479, 12.064, 0.898],
			"to": [13.14521, 13.064, 2.358],
			"rotation": {"angle": 22.5, "axis": "y", "origin": [13, 12.314, 1.628]},
			"faces": {
				"north": {"uv": [11.25, 1.75, 11.375, 1.875], "texture": "#0"},
				"east": {"uv": [11.25, 1.875, 11.375, 2], "texture": "#0"},
				"south": {"uv": [11.25, 2, 11.375, 2.125], "texture": "#0"},
				"west": {"uv": [2.125, 11.25, 2.25, 11.375], "texture": "#0"},
				"up": {"uv": [11.375, 2.25, 11.25, 2.125], "texture": "#0"},
				"down": {"uv": [11.375, 2.25, 11.25, 2.375], "texture": "#0"}
			}
		},
		{
			"name": "hexadecagon",
			"from": [12.85479, 12.064, 0.898],
			"to": [13.14521, 13.064, 2.358],
			"rotation": {"angle": 45, "axis": "y", "origin": [13, 12.314, 1.628]},
			"faces": {
				"north": {"uv": [11.25, 2.375, 11.375, 2.5], "texture": "#0"},
				"east": {"uv": [11.25, 2.5, 11.375, 2.625], "texture": "#0"},
				"south": {"uv": [11.25, 2.625, 11.375, 2.75], "texture": "#0"},
				"west": {"uv": [11.25, 3, 11.375, 3.125], "texture": "#0"},
				"up": {"uv": [3.25, 11.375, 3.125, 11.25], "texture": "#0"},
				"down": {"uv": [11.375, 3.125, 11.25, 3.25], "texture": "#0"}
			}
		},
		{
			"name": "hexadecagon",
			"from": [12.27, 12.064, 1.48279],
			"to": [13.73, 13.064, 1.77321],
			"rotation": {"angle": -22.5, "axis": "y", "origin": [13, 12.314, 1.628]},
			"faces": {
				"north": {"uv": [3.25, 11.25, 3.375, 11.375], "texture": "#0"},
				"east": {"uv": [11.25, 3.25, 11.375, 3.375], "texture": "#0"},
				"south": {"uv": [3.375, 11.25, 3.5, 11.375], "texture": "#0"},
				"west": {"uv": [11.25, 3.375, 11.375, 3.5], "texture": "#0"},
				"up": {"uv": [3.625, 11.375, 3.5, 11.25], "texture": "#0"},
				"down": {"uv": [11.375, 3.5, 11.25, 3.625], "texture": "#0"}
			}
		},
		{
			"name": "hexadecagon",
			"from": [12.27, 12.064, 1.48279],
			"to": [13.73, 13.064, 1.77321],
			"rotation": {"angle": 0, "axis": "y", "origin": [13, 12.314, 1.628]},
			"faces": {
				"north": {"uv": [3.625, 11.25, 3.75, 11.375], "texture": "#0"},
				"east": {"uv": [11.25, 3.625, 11.375, 3.75], "texture": "#0"},
				"south": {"uv": [11.25, 3.75, 11.375, 3.875], "texture": "#0"},
				"west": {"uv": [11.25, 3.875, 11.375, 4], "texture": "#0"},
				"up": {"uv": [11.375, 4.125, 11.25, 4], "texture": "#0"},
				"down": {"uv": [11.375, 4.125, 11.25, 4.25], "texture": "#0"}
			}
		},
		{
			"name": "hexadecagon",
			"from": [12.27, 12.064, 1.48279],
			"to": [13.73, 13.064, 1.77321],
			"rotation": {"angle": 22.5, "axis": "y", "origin": [13, 12.314, 1.628]},
			"faces": {
				"north": {"uv": [4.25, 11.25, 4.375, 11.375], "texture": "#0"},
				"east": {"uv": [11.25, 4.25, 11.375, 4.375], "texture": "#0"},
				"south": {"uv": [4.375, 11.25, 4.5, 11.375], "texture": "#0"},
				"west": {"uv": [11.25, 4.375, 11.375, 4.5], "texture": "#0"},
				"up": {"uv": [4.625, 11.375, 4.5, 11.25], "texture": "#0"},
				"down": {"uv": [11.375, 4.5, 11.25, 4.625], "texture": "#0"}
			}
		},
		{
			"name": "hexadecagon",
			"from": [10.38093, 12.064, 1.0294],
			"to": [10.61907, 13.064, 2.2266],
			"rotation": {"angle": -45, "axis": "y", "origin": [10.5, 12.314, 1.628]},
			"faces": {
				"north": {"uv": [4.625, 11.25, 4.75, 11.375], "texture": "#0"},
				"east": {"uv": [11.25, 4.625, 11.375, 4.75], "texture": "#0"},
				"south": {"uv": [4.75, 11.25, 4.875, 11.375], "texture": "#0"},
				"west": {"uv": [11.25, 4.75, 11.375, 4.875], "texture": "#0"},
				"up": {"uv": [5, 11.375, 4.875, 11.25], "texture": "#0"},
				"down": {"uv": [11.375, 4.875, 11.25, 5], "texture": "#0"}
			}
		},
		{
			"name": "hexadecagon",
			"from": [10.38093, 12.064, 1.0294],
			"to": [10.61907, 13.064, 2.2266],
			"rotation": {"angle": -22.5, "axis": "y", "origin": [10.5, 12.314, 1.628]},
			"faces": {
				"north": {"uv": [11.25, 5, 11.375, 5.125], "texture": "#0"},
				"east": {"uv": [5.125, 11.25, 5.25, 11.375], "texture": "#0"},
				"south": {"uv": [11.25, 5.125, 11.375, 5.25], "texture": "#0"},
				"west": {"uv": [5.25, 11.25, 5.375, 11.375], "texture": "#0"},
				"up": {"uv": [11.375, 5.375, 11.25, 5.25], "texture": "#0"},
				"down": {"uv": [5.5, 11.25, 5.375, 11.375], "texture": "#0"}
			}
		},
		{
			"name": "hexadecagon",
			"from": [10.38093, 12.064, 1.0294],
			"to": [10.61907, 13.064, 2.2266],
			"rotation": {"angle": 0, "axis": "y", "origin": [10.5, 12.314, 1.628]},
			"faces": {
				"north": {"uv": [11.25, 5.375, 11.375, 5.5], "texture": "#0"},
				"east": {"uv": [5.5, 11.25, 5.625, 11.375], "texture": "#0"},
				"south": {"uv": [11.25, 5.5, 11.375, 5.625], "texture": "#0"},
				"west": {"uv": [5.625, 11.25, 5.75, 11.375], "texture": "#0"},
				"up": {"uv": [11.375, 5.75, 11.25, 5.625], "texture": "#0"},
				"down": {"uv": [5.875, 11.25, 5.75, 11.375], "texture": "#0"}
			}
		},
		{
			"name": "hexadecagon",
			"from": [10.38093, 12.064, 1.0294],
			"to": [10.61907, 13.064, 2.2266],
			"rotation": {"angle": 22.5, "axis": "y", "origin": [10.5, 12.314, 1.628]},
			"faces": {
				"north": {"uv": [11.25, 5.75, 11.375, 5.875], "texture": "#0"},
				"east": {"uv": [5.875, 11.25, 6, 11.375], "texture": "#0"},
				"south": {"uv": [11.25, 5.875, 11.375, 6], "texture": "#0"},
				"west": {"uv": [6, 11.25, 6.125, 11.375], "texture": "#0"},
				"up": {"uv": [11.375, 6.125, 11.25, 6], "texture": "#0"},
				"down": {"uv": [6.25, 11.25, 6.125, 11.375], "texture": "#0"}
			}
		},
		{
			"name": "hexadecagon",
			"from": [10.38093, 12.064, 1.0294],
			"to": [10.61907, 13.064, 2.2266],
			"rotation": {"angle": 45, "axis": "y", "origin": [10.5, 12.314, 1.628]},
			"faces": {
				"north": {"uv": [11.25, 6.125, 11.375, 6.25], "texture": "#0"},
				"east": {"uv": [6.25, 11.25, 6.375, 11.375], "texture": "#0"},
				"south": {"uv": [11.25, 6.25, 11.375, 6.375], "texture": "#0"},
				"west": {"uv": [6.375, 11.25, 6.5, 11.375], "texture": "#0"},
				"up": {"uv": [11.375, 6.5, 11.25, 6.375], "texture": "#0"},
				"down": {"uv": [6.625, 11.25, 6.5, 11.375], "texture": "#0"}
			}
		},
		{
			"name": "hexadecagon",
			"from": [9.9014, 12.064, 1.50893],
			"to": [11.0986, 13.064, 1.74707],
			"rotation": {"angle": -22.5, "axis": "y", "origin": [10.5, 12.314, 1.628]},
			"faces": {
				"north": {"uv": [11.25, 6.5, 11.375, 6.625], "texture": "#0"},
				"east": {"uv": [6.625, 11.25, 6.75, 11.375], "texture": "#0"},
				"south": {"uv": [11.25, 6.625, 11.375, 6.75], "texture": "#0"},
				"west": {"uv": [6.75, 11.25, 6.875, 11.375], "texture": "#0"},
				"up": {"uv": [11.375, 6.875, 11.25, 6.75], "texture": "#0"},
				"down": {"uv": [7, 11.25, 6.875, 11.375], "texture": "#0"}
			}
		},
		{
			"name": "hexadecagon",
			"from": [9.9014, 12.064, 1.50893],
			"to": [11.0986, 13.064, 1.74707],
			"rotation": {"angle": 0, "axis": "y", "origin": [10.5, 12.314, 1.628]},
			"faces": {
				"north": {"uv": [11.25, 6.875, 11.375, 7], "texture": "#0"},
				"east": {"uv": [7, 11.25, 7.125, 11.375], "texture": "#0"},
				"south": {"uv": [11.25, 7, 11.375, 7.125], "texture": "#0"},
				"west": {"uv": [7.125, 11.25, 7.25, 11.375], "texture": "#0"},
				"up": {"uv": [11.375, 7.25, 11.25, 7.125], "texture": "#0"},
				"down": {"uv": [7.375, 11.25, 7.25, 11.375], "texture": "#0"}
			}
		},
		{
			"name": "hexadecagon",
			"from": [9.9014, 12.064, 1.50893],
			"to": [11.0986, 13.064, 1.74707],
			"rotation": {"angle": 22.5, "axis": "y", "origin": [10.5, 12.314, 1.628]},
			"faces": {
				"north": {"uv": [11.25, 7.25, 11.375, 7.375], "texture": "#0"},
				"east": {"uv": [7.375, 11.25, 7.5, 11.375], "texture": "#0"},
				"south": {"uv": [11.25, 7.375, 11.375, 7.5], "texture": "#0"},
				"west": {"uv": [7.5, 11.25, 7.625, 11.375], "texture": "#0"},
				"up": {"uv": [11.375, 7.625, 11.25, 7.5], "texture": "#0"},
				"down": {"uv": [7.75, 11.25, 7.625, 11.375], "texture": "#0"}
			}
		},
		{
			"name": "hexadecagon",
			"from": [7.88093, 12.064, 1.0294],
			"to": [8.11907, 13.064, 2.2266],
			"rotation": {"angle": -45, "axis": "y", "origin": [8, 12.314, 1.628]},
			"faces": {
				"north": {"uv": [11.25, 7.625, 11.375, 7.75], "texture": "#0"},
				"east": {"uv": [7.75, 11.25, 7.875, 11.375], "texture": "#0"},
				"south": {"uv": [11.25, 7.75, 11.375, 7.875], "texture": "#0"},
				"west": {"uv": [7.875, 11.25, 8, 11.375], "texture": "#0"},
				"up": {"uv": [11.375, 8, 11.25, 7.875], "texture": "#0"},
				"down": {"uv": [11.375, 8, 11.25, 8.125], "texture": "#0"}
			}
		},
		{
			"name": "hexadecagon",
			"from": [7.88093, 12.064, 1.0294],
			"to": [8.11907, 13.064, 2.2266],
			"rotation": {"angle": -22.5, "axis": "y", "origin": [8, 12.314, 1.628]},
			"faces": {
				"north": {"uv": [11.25, 8.125, 11.375, 8.25], "texture": "#0"},
				"east": {"uv": [11.25, 8.25, 11.375, 8.375], "texture": "#0"},
				"south": {"uv": [8.375, 11.25, 8.5, 11.375], "texture": "#0"},
				"west": {"uv": [11.25, 8.375, 11.375, 8.5], "texture": "#0"},
				"up": {"uv": [8.625, 11.375, 8.5, 11.25], "texture": "#0"},
				"down": {"uv": [11.375, 8.5, 11.25, 8.625], "texture": "#0"}
			}
		},
		{
			"name": "hexadecagon",
			"from": [7.88093, 12.064, 1.0294],
			"to": [8.11907, 13.064, 2.2266],
			"rotation": {"angle": 0, "axis": "y", "origin": [8, 12.314, 1.628]},
			"faces": {
				"north": {"uv": [8.625, 11.25, 8.75, 11.375], "texture": "#0"},
				"east": {"uv": [11.25, 8.625, 11.375, 8.75], "texture": "#0"},
				"south": {"uv": [8.75, 11.25, 8.875, 11.375], "texture": "#0"},
				"west": {"uv": [11.25, 8.75, 11.375, 8.875], "texture": "#0"},
				"up": {"uv": [9, 11.375, 8.875, 11.25], "texture": "#0"},
				"down": {"uv": [11.375, 8.875, 11.25, 9], "texture": "#0"}
			}
		},
		{
			"name": "hexadecagon",
			"from": [7.88093, 12.064, 1.0294],
			"to": [8.11907, 13.064, 2.2266],
			"rotation": {"angle": 22.5, "axis": "y", "origin": [8, 12.314, 1.628]},
			"faces": {
				"north": {"uv": [9, 11.25, 9.125, 11.375], "texture": "#0"},
				"east": {"uv": [11.25, 9, 11.375, 9.125], "texture": "#0"},
				"south": {"uv": [9.125, 11.25, 9.25, 11.375], "texture": "#0"},
				"west": {"uv": [11.25, 9.125, 11.375, 9.25], "texture": "#0"},
				"up": {"uv": [9.375, 11.375, 9.25, 11.25], "texture": "#0"},
				"down": {"uv": [11.375, 9.25, 11.25, 9.375], "texture": "#0"}
			}
		},
		{
			"name": "hexadecagon",
			"from": [7.88093, 12.064, 1.0294],
			"to": [8.11907, 13.064, 2.2266],
			"rotation": {"angle": 45, "axis": "y", "origin": [8, 12.314, 1.628]},
			"faces": {
				"north": {"uv": [9.375, 11.25, 9.5, 11.375], "texture": "#0"},
				"east": {"uv": [11.25, 9.375, 11.375, 9.5], "texture": "#0"},
				"south": {"uv": [9.5, 11.25, 9.625, 11.375], "texture": "#0"},
				"west": {"uv": [11.25, 9.5, 11.375, 9.625], "texture": "#0"},
				"up": {"uv": [9.75, 11.375, 9.625, 11.25], "texture": "#0"},
				"down": {"uv": [11.375, 9.625, 11.25, 9.75], "texture": "#0"}
			}
		},
		{
			"name": "hexadecagon",
			"from": [7.4014, 12.064, 1.50893],
			"to": [8.5986, 13.064, 1.74707],
			"rotation": {"angle": -22.5, "axis": "y", "origin": [8, 12.314, 1.628]},
			"faces": {
				"north": {"uv": [9.75, 11.25, 9.875, 11.375], "texture": "#0"},
				"east": {"uv": [9.875, 11.25, 10, 11.375], "texture": "#0"},
				"south": {"uv": [10, 11.25, 10.125, 11.375], "texture": "#0"},
				"west": {"uv": [10.125, 11.25, 10.25, 11.375], "texture": "#0"},
				"up": {"uv": [11.375, 10.25, 11.25, 10.125], "texture": "#0"},
				"down": {"uv": [10.375, 11.25, 10.25, 11.375], "texture": "#0"}
			}
		},
		{
			"name": "hexadecagon",
			"from": [7.4014, 12.064, 1.50893],
			"to": [8.5986, 13.064, 1.74707],
			"rotation": {"angle": 0, "axis": "y", "origin": [8, 12.314, 1.628]},
			"faces": {
				"north": {"uv": [11.25, 10.25, 11.375, 10.375], "texture": "#0"},
				"east": {"uv": [10.375, 11.25, 10.5, 11.375], "texture": "#0"},
				"south": {"uv": [11.25, 10.375, 11.375, 10.5], "texture": "#0"},
				"west": {"uv": [10.5, 11.25, 10.625, 11.375], "texture": "#0"},
				"up": {"uv": [11.375, 10.625, 11.25, 10.5], "texture": "#0"},
				"down": {"uv": [10.75, 11.25, 10.625, 11.375], "texture": "#0"}
			}
		},
		{
			"name": "hexadecagon",
			"from": [7.4014, 12.064, 1.50893],
			"to": [8.5986, 13.064, 1.74707],
			"rotation": {"angle": 22.5, "axis": "y", "origin": [8, 12.314, 1.628]},
			"faces": {
				"north": {"uv": [11.25, 10.625, 11.375, 10.75], "texture": "#0"},
				"east": {"uv": [10.75, 11.25, 10.875, 11.375], "texture": "#0"},
				"south": {"uv": [11.25, 10.75, 11.375, 10.875], "texture": "#0"},
				"west": {"uv": [10.875, 11.25, 11, 11.375], "texture": "#0"},
				"up": {"uv": [11.375, 11, 11.25, 10.875], "texture": "#0"},
				"down": {"uv": [11.125, 11.25, 11, 11.375], "texture": "#0"}
			}
		},
		{
			"name": "hexadecagon",
			"from": [5.39046, 11.904, 1.07729],
			"to": [5.60954, 12.904, 2.17871],
			"rotation": {"angle": -45, "axis": "y", "origin": [5.5, 12.154, 1.628]},
			"faces": {
				"north": {"uv": [11.25, 11, 11.375, 11.125], "texture": "#0"},
				"east": {"uv": [11.125, 11.25, 11.25, 11.375], "texture": "#0"},
				"south": {"uv": [11.25, 11.125, 11.375, 11.25], "texture": "#0"},
				"west": {"uv": [11.25, 11.25, 11.375, 11.375], "texture": "#0"},
				"up": {"uv": [0.125, 11.5, 0, 11.375], "texture": "#0"},
				"down": {"uv": [11.5, 0, 11.375, 0.125], "texture": "#0"}
			}
		},
		{
			"name": "hexadecagon",
			"from": [5.39046, 11.904, 1.07729],
			"to": [5.60954, 12.904, 2.17871],
			"rotation": {"angle": -22.5, "axis": "y", "origin": [5.5, 12.154, 1.628]},
			"faces": {
				"north": {"uv": [0.125, 11.375, 0.25, 11.5], "texture": "#0"},
				"east": {"uv": [11.375, 0.125, 11.5, 0.25], "texture": "#0"},
				"south": {"uv": [0.25, 11.375, 0.375, 11.5], "texture": "#0"},
				"west": {"uv": [11.375, 0.25, 11.5, 0.375], "texture": "#0"},
				"up": {"uv": [0.5, 11.5, 0.375, 11.375], "texture": "#0"},
				"down": {"uv": [11.5, 0.375, 11.375, 0.5], "texture": "#0"}
			}
		},
		{
			"name": "hexadecagon",
			"from": [5.39046, 11.904, 1.07729],
			"to": [5.60954, 12.904, 2.17871],
			"rotation": {"angle": 0, "axis": "y", "origin": [5.5, 12.154, 1.628]},
			"faces": {
				"north": {"uv": [0.5, 11.375, 0.625, 11.5], "texture": "#0"},
				"east": {"uv": [11.375, 0.5, 11.5, 0.625], "texture": "#0"},
				"south": {"uv": [0.625, 11.375, 0.75, 11.5], "texture": "#0"},
				"west": {"uv": [11.375, 0.625, 11.5, 0.75], "texture": "#0"},
				"up": {"uv": [0.875, 11.5, 0.75, 11.375], "texture": "#0"},
				"down": {"uv": [11.5, 0.75, 11.375, 0.875], "texture": "#0"}
			}
		},
		{
			"name": "hexadecagon",
			"from": [5.39046, 11.904, 1.07729],
			"to": [5.60954, 12.904, 2.17871],
			"rotation": {"angle": 22.5, "axis": "y", "origin": [5.5, 12.154, 1.628]},
			"faces": {
				"north": {"uv": [0.875, 11.375, 1, 11.5], "texture": "#0"},
				"east": {"uv": [11.375, 0.875, 11.5, 1], "texture": "#0"},
				"south": {"uv": [1, 11.375, 1.125, 11.5], "texture": "#0"},
				"west": {"uv": [11.375, 1, 11.5, 1.125], "texture": "#0"},
				"up": {"uv": [1.25, 11.5, 1.125, 11.375], "texture": "#0"},
				"down": {"uv": [11.5, 1.125, 11.375, 1.25], "texture": "#0"}
			}
		},
		{
			"name": "hexadecagon",
			"from": [5.39046, 11.904, 1.07729],
			"to": [5.60954, 12.904, 2.17871],
			"rotation": {"angle": 45, "axis": "y", "origin": [5.5, 12.154, 1.628]},
			"faces": {
				"north": {"uv": [1.25, 11.375, 1.375, 11.5], "texture": "#0"},
				"east": {"uv": [11.375, 1.25, 11.5, 1.375], "texture": "#0"},
				"south": {"uv": [1.375, 11.375, 1.5, 11.5], "texture": "#0"},
				"west": {"uv": [11.375, 1.375, 11.5, 1.5], "texture": "#0"},
				"up": {"uv": [1.625, 11.5, 1.5, 11.375], "texture": "#0"},
				"down": {"uv": [11.5, 1.5, 11.375, 1.625], "texture": "#0"}
			}
		},
		{
			"name": "hexadecagon",
			"from": [4.94929, 11.904, 1.51846],
			"to": [6.05071, 12.904, 1.73754],
			"rotation": {"angle": -22.5, "axis": "y", "origin": [5.5, 12.154, 1.628]},
			"faces": {
				"north": {"uv": [1.625, 11.375, 1.75, 11.5], "texture": "#0"},
				"east": {"uv": [11.375, 1.625, 11.5, 1.75], "texture": "#0"},
				"south": {"uv": [11.375, 1.75, 11.5, 1.875], "texture": "#0"},
				"west": {"uv": [11.375, 1.875, 11.5, 2], "texture": "#0"},
				"up": {"uv": [11.5, 2.125, 11.375, 2], "texture": "#0"},
				"down": {"uv": [2.25, 11.375, 2.125, 11.5], "texture": "#0"}
			}
		},
		{
			"name": "hexadecagon",
			"from": [4.94929, 11.904, 1.51846],
			"to": [6.05071, 12.904, 1.73754],
			"rotation": {"angle": 0, "axis": "y", "origin": [5.5, 12.154, 1.628]},
			"faces": {
				"north": {"uv": [11.375, 2.125, 11.5, 2.25], "texture": "#0"},
				"east": {"uv": [2.25, 11.375, 2.375, 11.5], "texture": "#0"},
				"south": {"uv": [11.375, 2.25, 11.5, 2.375], "texture": "#0"},
				"west": {"uv": [2.375, 11.375, 2.5, 11.5], "texture": "#0"},
				"up": {"uv": [11.5, 2.5, 11.375, 2.375], "texture": "#0"},
				"down": {"uv": [11.5, 2.5, 11.375, 2.625], "texture": "#0"}
			}
		},
		{
			"name": "hexadecagon",
			"from": [4.94929, 11.904, 1.51846],
			"to": [6.05071, 12.904, 1.73754],
			"rotation": {"angle": 22.5, "axis": "y", "origin": [5.5, 12.154, 1.628]},
			"faces": {
				"north": {"uv": [11.375, 2.625, 11.5, 2.75], "texture": "#0"},
				"east": {"uv": [11.375, 2.75, 11.5, 2.875], "texture": "#0"},
				"south": {"uv": [11.375, 2.875, 11.5, 3], "texture": "#0"},
				"west": {"uv": [11.375, 3, 11.5, 3.125], "texture": "#0"},
				"up": {"uv": [3.25, 11.5, 3.125, 11.375], "texture": "#0"},
				"down": {"uv": [11.5, 3.125, 11.375, 3.25], "texture": "#0"}
			}
		},
		{
			"name": "hexadecagon",
			"from": [-1.25, 9.20163, 4],
			"to": [1.25, 9.79837, 7],
			"rotation": {"angle": -45, "axis": "x", "origin": [1, 9.5, 5.5]},
			"faces": {
				"north": {"uv": [10.75, 5.375, 11.125, 5.5], "texture": "#0"},
				"east": {"uv": [10.75, 5.5, 11.125, 5.625], "texture": "#0"},
				"south": {"uv": [10.75, 5.625, 11.125, 5.75], "texture": "#0"},
				"west": {"uv": [10.75, 5.75, 11.125, 5.875], "texture": "#0"},
				"up": {"uv": [4.375, 7.75, 4, 7.375], "texture": "#0"},
				"down": {"uv": [7.125, 9.75, 6.75, 10.125], "texture": "#0"}
			}
		},
		{
			"name": "hexadecagon",
			"from": [-1.25, 9.20163, 4],
			"to": [1.25, 9.79837, 7],
			"rotation": {"angle": -22.5, "axis": "x", "origin": [1, 9.5, 5.5]},
			"faces": {
				"north": {"uv": [10.75, 7, 11.125, 7.125], "texture": "#0"},
				"east": {"uv": [10.75, 7.125, 11.125, 7.25], "texture": "#0"},
				"south": {"uv": [10.75, 7.25, 11.125, 7.375], "texture": "#0"},
				"west": {"uv": [10.75, 7.375, 11.125, 7.5], "texture": "#0"},
				"up": {"uv": [8, 10.25, 7.625, 9.875], "texture": "#0"},
				"down": {"uv": [7.125, 10.125, 6.75, 10.5], "texture": "#0"}
			}
		},
		{
			"name": "hexadecagon",
			"from": [-1.25, 9.20163, 4],
			"to": [1.25, 9.79837, 7],
			"rotation": {"angle": 0, "axis": "x", "origin": [1, 9.5, 5.5]},
			"faces": {
				"north": {"uv": [10.75, 8.625, 11.125, 8.75], "texture": "#0"},
				"east": {"uv": [10.75, 8.75, 11.125, 8.875], "texture": "#0"},
				"south": {"uv": [8.875, 10.75, 9.25, 10.875], "texture": "#0"},
				"west": {"uv": [9.25, 10.75, 9.625, 10.875], "texture": "#0"},
				"up": {"uv": [10.625, 3.375, 10.25, 3], "texture": "#0"},
				"down": {"uv": [10.625, 3.375, 10.25, 3.75], "texture": "#0"}
			}
		},
		{
			"name": "hexadecagon",
			"from": [-1.25, 9.20163, 4],
			"to": [1.25, 9.79837, 7],
			"rotation": {"angle": 22.5, "axis": "x", "origin": [1, 9.5, 5.5]},
			"faces": {
				"north": {"uv": [10.625, 10.75, 11, 10.875], "texture": "#0"},
				"east": {"uv": [10.875, 3.25, 11.25, 3.375], "texture": "#0"},
				"south": {"uv": [10.875, 3.375, 11.25, 3.5], "texture": "#0"},
				"west": {"uv": [10.875, 3.5, 11.25, 3.625], "texture": "#0"},
				"up": {"uv": [4.375, 10.625, 4, 10.25], "texture": "#0"},
				"down": {"uv": [4.75, 10.25, 4.375, 10.625], "texture": "#0"}
			}
		},
		{
			"name": "hexadecagon",
			"from": [-1.25, 9.20163, 4],
			"to": [1.25, 9.79837, 7],
			"rotation": {"angle": 45, "axis": "x", "origin": [1, 9.5, 5.5]},
			"faces": {
				"north": {"uv": [10.875, 3.625, 11.25, 3.75], "texture": "#0"},
				"east": {"uv": [10.875, 3.75, 11.25, 3.875], "texture": "#0"},
				"south": {"uv": [10.875, 3.875, 11.25, 4], "texture": "#0"},
				"west": {"uv": [10.875, 5.875, 11.25, 6], "texture": "#0"},
				"up": {"uv": [5.5, 10.625, 5.125, 10.25], "texture": "#0"},
				"down": {"uv": [5.875, 10.25, 5.5, 10.625], "texture": "#0"}
			}
		},
		{
			"name": "hexadecagon",
			"from": [-1.25, 8, 5.20163],
			"to": [1.25, 11, 5.79837],
			"rotation": {"angle": -22.5, "axis": "x", "origin": [1, 9.5, 5.5]},
			"faces": {
				"north": {"uv": [5.875, 10.25, 6.25, 10.625], "texture": "#0"},
				"east": {"uv": [4.75, 10.75, 4.875, 11.125], "texture": "#0"},
				"south": {"uv": [6.25, 10.25, 6.625, 10.625], "texture": "#0"},
				"west": {"uv": [4.875, 10.75, 5, 11.125], "texture": "#0"},
				"up": {"uv": [11.25, 6.125, 10.875, 6], "texture": "#0"},
				"down": {"uv": [7.875, 10.875, 7.5, 11], "texture": "#0"}
			}
		},
		{
			"name": "hexadecagon",
			"from": [-1.25, 8, 5.20163],
			"to": [1.25, 11, 5.79837],
			"rotation": {"angle": 0, "axis": "x", "origin": [1, 9.5, 5.5]},
			"faces": {
				"north": {"uv": [10.25, 7, 10.625, 7.375], "texture": "#0"},
				"east": {"uv": [7.125, 10.875, 7.25, 11.25], "texture": "#0"},
				"south": {"uv": [7.125, 10.25, 7.5, 10.625], "texture": "#0"},
				"west": {"uv": [7.25, 10.875, 7.375, 11.25], "texture": "#0"},
				"up": {"uv": [11.25, 7.625, 10.875, 7.5], "texture": "#0"},
				"down": {"uv": [11.25, 7.625, 10.875, 7.75], "texture": "#0"}
			}
		},
		{
			"name": "hexadecagon",
			"from": [-1.25, 8, 5.20163],
			"to": [1.25, 11, 5.79837],
			"rotation": {"angle": 22.5, "axis": "x", "origin": [1, 9.5, 5.5]},
			"faces": {
				"north": {"uv": [10.25, 7.375, 10.625, 7.75], "texture": "#0"},
				"east": {"uv": [10.875, 7.75, 11, 8.125], "texture": "#0"},
				"south": {"uv": [7.625, 10.25, 8, 10.625], "texture": "#0"},
				"west": {"uv": [10.875, 8.125, 11, 8.5], "texture": "#0"},
				"up": {"uv": [9.25, 11, 8.875, 10.875], "texture": "#0"},
				"down": {"uv": [11.25, 8.875, 10.875, 9], "texture": "#0"}
			}
		},
		{
			"from": [-1, 10.5, 5.5],
			"to": [0, 18.5, 6.5],
			"rotation": {"angle": 22.5, "axis": "x", "origin": [-0.5, 10.5, 5.5]},
			"faces": {
				"north": {"uv": [9.625, 10.25, 9.75, 11.25], "texture": "#0"},
				"east": {"uv": [9.75, 10.25, 9.875, 11.25], "texture": "#0"},
				"south": {"uv": [9.875, 10.25, 10, 11.25], "texture": "#0"},
				"west": {"uv": [10, 10.25, 10.125, 11.25], "texture": "#0"},
				"up": {"uv": [3.375, 11.5, 3.25, 11.375], "texture": "#0"},
				"down": {"uv": [11.5, 3.25, 11.375, 3.375], "texture": "#0"}
			}
		},
		{
			"from": [-1.5, 17.39104, 8.06147],
			"to": [0.5, 19.39104, 10.06147],
			"rotation": {"angle": 22.5, "axis": "x", "origin": [-0.5, 17.89104, 8.56147]},
			"faces": {
				"north": {"uv": [10.625, 7.75, 10.875, 8], "texture": "#0"},
				"east": {"uv": [10.625, 8, 10.875, 8.25], "texture": "#0"},
				"south": {"uv": [10.625, 8.25, 10.875, 8.5], "texture": "#0"},
				"west": {"uv": [10.625, 10.25, 10.875, 10.5], "texture": "#0"},
				"up": {"uv": [10.875, 10.75, 10.625, 10.5], "texture": "#0"},
				"down": {"uv": [11, 3, 10.75, 3.25], "texture": "#0"}
			}
		}
	],
	"gui_light": "front",
	"display": {
		"thirdperson_righthand": {
			"rotation": [75, 45, 0],
			"translation": [0, 2.5, 0],
			"scale": [0.375, 0.375, 0.375]
		},
		"thirdperson_lefthand": {
			"rotation": [75, 45, 0],
			"translation": [0, 2.5, 0],
			"scale": [0.375, 0.375, 0.375]
		},
		"firstperson_righthand": {
			"rotation": [-180, 61.75, -180],
			"translation": [1.5, 0, 0],
			"scale": [0.4, 0.4, 0.4]
		},
		"firstperson_lefthand": {
			"rotation": [-180, 61.75, -180],
			"translation": [1.5, 0, 0],
			"scale": [0.4, 0.4, 0.4]
		},
		"ground": {
			"translation": [0, 3, 0],
			"scale": [0.25, 0.25, 0.25]
		},
		"gui": {
			"rotation": [30, 225, 0],
			"translation": [0.25, -2, 0],
			"scale": [0.4, 0.4, 0.4]
		},
		"head": {
			"translation": [0, -27, -3.75],
			"scale": [2, 2, 1.7]
		},
		"fixed": {
			"scale": [0.5, 0.5, 0.5]
		}
	},
	"groups": [
		0,
		1,
		2,
		3,
		4,
		5,
		6,
		7,
		8,
		9,
		10,
		11,
		12,
		13,
		14,
		15,
		16,
		17,
		18,
		19,
		20,
		21,
		22,
		23,
		24,
		25,
		26,
		27,
		28,
		29,
		30,
		31,
		32,
		33,
		34,
		35,
		36,
		37,
		38,
		39,
		40,
		41,
		42,
		43,
		44,
		45,
		46,
		47,
		48,
		49,
		50,
		51,
		52,
		53,
		54,
		55,
		56,
		57,
		58,
		59,
		60,
		61,
		62,
		63,
		64,
		65,
		66,
		67,
		68,
		{
			"name": "hexadecagon",
			"origin": [8, 8, 8],
			"color": 0,
			"children": [69, 70, 71, 72, 73, 74, 75, 76]
		},
		{
			"name": "hexadecagon",
			"origin": [8, 8, 8],
			"color": 0,
			"children": [77, 78, 79, 80, 81, 82, 83, 84]
		},
		{
			"name": "hexadecagon",
			"origin": [8, 8, 8],
			"color": 0,
			"children": [85, 86, 87, 88, 89, 90, 91, 92]
		},
		{
			"name": "hexadecagon",
			"origin": [8, 8, 8],
			"color": 0,
			"children": [93, 94, 95, 96, 97, 98, 99, 100]
		},
		{
			"name": "hexadecagon",
			"origin": [8, 8, 8],
			"color": 0,
			"children": [101, 102, 103, 104, 105, 106, 107, 108]
		},
		{
			"name": "hexadecagon",
			"origin": [8, 8, 8],
			"color": 0,
			"children": [109, 110, 111, 112, 113, 114, 115, 116, 117, 118]
		}
	]
}